-- MariaDB dump 10.17  Distrib 10.4.6-MariaDB, for Win64 (AMD64)
--
-- Host: localhost    Database: knowledge_base_db
-- ------------------------------------------------------
-- Server version	10.4.6-MariaDB

/*!40101 SET @OLD_CHARACTER_SET_CLIENT=@@CHARACTER_SET_CLIENT */;
/*!40101 SET @OLD_CHARACTER_SET_RESULTS=@@CHARACTER_SET_RESULTS */;
/*!40101 SET @OLD_COLLATION_CONNECTION=@@COLLATION_CONNECTION */;
/*!40101 SET NAMES utf8mb4 */;
/*!40103 SET @OLD_TIME_ZONE=@@TIME_ZONE */;
/*!40103 SET TIME_ZONE='+00:00' */;
/*!40014 SET @OLD_UNIQUE_CHECKS=@@UNIQUE_CHECKS, UNIQUE_CHECKS=0 */;
/*!40014 SET @OLD_FOREIGN_KEY_CHECKS=@@FOREIGN_KEY_CHECKS, FOREIGN_KEY_CHECKS=0 */;
/*!40101 SET @OLD_SQL_MODE=@@SQL_MODE, SQL_MODE='NO_AUTO_VALUE_ON_ZERO' */;
/*!40111 SET @OLD_SQL_NOTES=@@SQL_NOTES, SQL_NOTES=0 */;

--
-- Table structure for table `cases`
--

DROP TABLE IF EXISTS `cases`;
/*!40101 SET @saved_cs_client     = @@character_set_client */;
/*!40101 SET character_set_client = utf8 */;
CREATE TABLE `cases` (
  `id` int(11) NOT NULL AUTO_INCREMENT,
  `created_by` int(11) DEFAULT NULL,
  `title` varchar(255) NOT NULL,
  `description` text NOT NULL,
  `category_id` int(11) DEFAULT NULL,
  `created_at` timestamp NOT NULL DEFAULT current_timestamp(),
  `deleted` tinyint(1) NOT NULL DEFAULT 0,
  `modified_at` timestamp NOT NULL DEFAULT '0000-00-00 00:00:00' ON UPDATE current_timestamp(),
  `variant` int(11) DEFAULT NULL,
  PRIMARY KEY (`id`),
  KEY `variant` (`variant`),
  KEY `category_id` (`category_id`),
  KEY `created_by` (`created_by`),
  CONSTRAINT `cases_ibfk_1` FOREIGN KEY (`variant`) REFERENCES `cases` (`id`) ON DELETE SET NULL ON UPDATE CASCADE,
  CONSTRAINT `cases_ibfk_2` FOREIGN KEY (`category_id`) REFERENCES `categories` (`id`) ON DELETE SET NULL ON UPDATE CASCADE,
  CONSTRAINT `cases_ibfk_3` FOREIGN KEY (`created_by`) REFERENCES `users` (`id`) ON DELETE SET NULL ON UPDATE CASCADE
) ENGINE=InnoDB AUTO_INCREMENT=12153 DEFAULT CHARSET=latin1;
/*!40101 SET character_set_client = @saved_cs_client */;

--
-- Dumping data for table `cases`
--

LOCK TABLES `cases` WRITE;
/*!40000 ALTER TABLE `cases` DISABLE KEYS */;
INSERT INTO `cases` VALUES (11147,NULL,'Steenbuck','Montia howellii S. Watson',31,'2019-11-12 12:22:35',0,'0000-00-00 00:00:00',NULL),(11148,NULL,'Rhea, gray','Henriettea fascicularis (Sw.) G. Maza',31,'2019-11-12 12:22:35',0,'0000-00-00 00:00:00',NULL),(11149,NULL,'Snake, racer','Pinus radiata D. Don',31,'2019-11-12 12:22:35',0,'0000-00-00 00:00:00',NULL),(11150,NULL,'Crane, brolga','Sansevieria Thunb.',31,'2019-11-12 12:22:35',0,'0000-00-00 00:00:00',NULL),(11151,NULL,'Blesbok','Polygonum hydropiper L.',31,'2019-11-12 12:22:35',0,'0000-00-00 00:00:00',NULL),(11152,NULL,'Wagtail, african pied','Saxifraga odontoloma Piper',31,'2019-11-12 12:22:35',0,'0000-00-00 00:00:00',NULL),(11153,NULL,'Wambenger, red-tailed','Clematis occidentalis (Hornem.) DC.',31,'2019-11-12 12:22:35',0,'0000-00-00 00:00:00',NULL),(11154,NULL,'Capuchin, weeper','Aniseia Choisy',31,'2019-11-12 12:22:35',0,'0000-00-00 00:00:00',NULL),(11155,NULL,'Phascogale, brush-tailed','Cornus asperifolia Michx.',31,'2019-11-12 12:22:35',0,'0000-00-00 00:00:00',NULL),(11156,NULL,'Meerkat','Draba lemmonii S. Watson var. lemmonii',31,'2019-11-12 12:22:35',0,'0000-00-00 00:00:00',NULL),(11157,NULL,'Campo flicker','Selaginella wrightii Hieron.',31,'2019-11-12 12:22:35',0,'0000-00-00 00:00:00',NULL),(11158,NULL,'Slender loris','Asplenium pumilum Sw.',31,'2019-11-12 12:22:35',0,'0000-00-00 00:00:00',NULL),(11159,NULL,'Moose','Pyxidanthera brevifolia Wells',31,'2019-11-12 12:22:35',0,'0000-00-00 00:00:00',NULL),(11160,NULL,'Yellow-necked spurfowl','Tradescantia wrightii Rose & Bush',31,'2019-11-12 12:22:35',0,'0000-00-00 00:00:00',NULL),(11161,NULL,'Cat, civet','Arnoseris Gaertn.',31,'2019-11-12 12:22:35',0,'0000-00-00 00:00:00',NULL),(11162,NULL,'Eurasian beaver','Cladonia polycarpoides Nyl.',31,'2019-11-12 12:22:35',0,'0000-00-00 00:00:00',NULL),(11163,NULL,'Black-capped chickadee','Arthonia xylographica Nyl.',31,'2019-11-12 12:22:35',0,'0000-00-00 00:00:00',NULL),(11164,NULL,'Pocket gopher (unidentified)','Arum italicum Mill.',31,'2019-11-12 12:22:35',0,'0000-00-00 00:00:00',NULL),(11165,NULL,'Bat-eared fox','Froelichia Moench',31,'2019-11-12 12:22:35',0,'0000-00-00 00:00:00',NULL),(11166,NULL,'Possum, pygmy','Pseudoscleropodium (Limpr.) Fleisch.',31,'2019-11-12 12:22:35',0,'0000-00-00 00:00:00',NULL),(11167,NULL,'Catfish, blue','Fontanesia Labill.',31,'2019-11-12 12:22:35',0,'0000-00-00 00:00:00',NULL),(11168,NULL,'Canada goose','Schkuhria multiflora Hook. & Arn.',31,'2019-11-12 12:22:35',0,'0000-00-00 00:00:00',NULL),(11169,NULL,'Badger, european','Cynodon magennisii Hurcombe (pro hybr.)',31,'2019-11-12 12:22:35',0,'0000-00-00 00:00:00',NULL),(11170,NULL,'Colobus, black and white','Bryum uliginosum (Brid.) Bruch & Schimp.',31,'2019-11-12 12:22:35',0,'0000-00-00 00:00:00',NULL),(11171,NULL,'Monitor, two-banded','Borassus aethiopum Mart.',31,'2019-11-12 12:22:35',0,'0000-00-00 00:00:00',NULL),(11172,NULL,'Bear, grizzly','Symphyotrichum divaricatum (Nutt.) G.L. Nesom',31,'2019-11-12 12:22:35',0,'0000-00-00 00:00:00',NULL),(11173,NULL,'Squirrel, african bush','Achillea alpina L.',31,'2019-11-12 12:22:35',0,'0000-00-00 00:00:00',NULL),(11174,NULL,'Skink, african','Trifolium macrocephalum (Pursh) Poir.',31,'2019-11-12 12:22:35',0,'0000-00-00 00:00:00',NULL),(11175,NULL,'Egyptian vulture','Marshallia obovata (Walter) Beadle & F.E. Boynt. var. scaposa Channell',31,'2019-11-12 12:22:35',0,'0000-00-00 00:00:00',NULL),(11176,NULL,'Lion, steller\'s sea','Eragrostis leptostachya (R. Br.) Steud.',31,'2019-11-12 12:22:35',0,'0000-00-00 00:00:00',NULL),(11177,NULL,'Cormorant, little','Thermopsis californica S. Watson var. californica',31,'2019-11-12 12:22:35',0,'0000-00-00 00:00:00',NULL),(11178,NULL,'White-browed owl','Oxytropis arctobia Bunge',31,'2019-11-12 12:22:35',0,'0000-00-00 00:00:00',NULL),(11179,NULL,'Red phalarope','Strychnos L.',31,'2019-11-12 12:22:35',0,'0000-00-00 00:00:00',NULL),(11180,NULL,'Dove, laughing','Distictis lactiflora (Vahl) DC.',31,'2019-11-12 12:22:35',0,'0000-00-00 00:00:00',NULL),(11181,NULL,'Weaver, chestnut','Pitcairnia angustifolia Aiton var. angustifolia ',31,'2019-11-12 12:22:35',0,'0000-00-00 00:00:00',NULL),(11182,NULL,'Gazelle, thomson\'s','Physalis angulata L.',31,'2019-11-12 12:22:35',0,'0000-00-00 00:00:00',NULL),(11183,NULL,'Macaw, scarlet','Psorothamnus spinosus (A. Gray) Barneby',31,'2019-11-12 12:22:35',0,'0000-00-00 00:00:00',NULL),(11184,NULL,'Rhea, gray','Agalinis tenuifolia (Vahl) Raf. var. polyphylla (Small) Pennell',31,'2019-11-12 12:22:35',0,'0000-00-00 00:00:00',NULL),(11185,NULL,'White-tailed jackrabbit','Physalis subulata Rydb. var. neomexicana (Rydb.) Waterf. ex Kartesz & Gandhi',31,'2019-11-12 12:22:35',0,'0000-00-00 00:00:00',NULL),(11186,NULL,'Flightless cormorant','Coenogonium interpositum Nyl.',31,'2019-11-12 12:22:35',0,'0000-00-00 00:00:00',NULL),(11187,NULL,'Steenbuck','Fissidens arcticus Bryhn',31,'2019-11-12 12:22:35',0,'0000-00-00 00:00:00',NULL),(11188,NULL,'Waxbill, blue','Plantago debilis R. Br.',31,'2019-11-12 12:22:35',0,'0000-00-00 00:00:00',NULL),(11189,NULL,'Lemur, brown','Stephanomeria minor (Hook.) Nutt.',31,'2019-11-12 12:22:35',0,'0000-00-00 00:00:00',NULL),(11190,NULL,'Cardinal, red-capped','Heterodermia galactophylla (Tuck.) W.L. Culb.',31,'2019-11-12 12:22:35',0,'0000-00-00 00:00:00',NULL),(11191,NULL,'Small Indian mongoose','Coprosma ternata W.R.B. Oliv.',31,'2019-11-12 12:22:35',0,'0000-00-00 00:00:00',NULL),(11192,NULL,'Ring-necked pheasant','Zinnia maritima Kunth',31,'2019-11-12 12:22:35',0,'0000-00-00 00:00:00',NULL),(11193,NULL,'Dromedary camel','Ammi L.',31,'2019-11-12 12:22:35',0,'0000-00-00 00:00:00',NULL),(11194,NULL,'Dusky rattlesnake','Aspicilia aliena (Zahlbr.) Oksner',31,'2019-11-12 12:22:35',0,'0000-00-00 00:00:00',NULL),(11195,NULL,'Green vine snake','Solidago simplex Kunth',31,'2019-11-12 12:22:35',0,'0000-00-00 00:00:00',NULL),(11196,NULL,'Black curlew','Brya ebenus (L.) DC.',31,'2019-11-12 12:22:35',0,'0000-00-00 00:00:00',NULL),(11197,NULL,'Wallaby, red-necked','Physalis philadelphica Lam.',31,'2019-11-12 12:22:35',0,'0000-00-00 00:00:00',NULL),(11198,NULL,'Lilac-breasted roller','Phaeophyscia endococcina (Körb.) Moberg',31,'2019-11-12 12:22:35',0,'0000-00-00 00:00:00',NULL),(11199,NULL,'Malleefowl','Hymenoxys cooperi (A. Gray) Cockerell',31,'2019-11-12 12:22:35',0,'0000-00-00 00:00:00',NULL),(11200,NULL,'Bee-eater, white-fronted','Opuntia valida Griffiths',31,'2019-11-12 12:22:35',0,'0000-00-00 00:00:00',NULL),(11201,NULL,'Pampa gray fox','Cyperus odoratus L.',31,'2019-11-12 12:22:35',0,'0000-00-00 00:00:00',NULL),(11202,NULL,'Barasingha deer','Parthenocissus vitacea (Knerr) Hitchc.',31,'2019-11-12 12:22:35',0,'0000-00-00 00:00:00',NULL),(11203,NULL,'Common brushtail possum','Croton lindheimerianus Scheele',31,'2019-11-12 12:22:35',0,'0000-00-00 00:00:00',NULL),(11204,NULL,'Steenbok','Arthonia perminuta Willey',31,'2019-11-12 12:22:35',0,'0000-00-00 00:00:00',NULL),(11205,NULL,'Eagle, pallas\'s fish','Pyrola grandiflora Radius',31,'2019-11-12 12:22:35',0,'0000-00-00 00:00:00',NULL),(11206,NULL,'Osprey','Clarkia imbricata F.H. Lewis & M.E. Lewis',31,'2019-11-12 12:22:35',0,'0000-00-00 00:00:00',NULL),(11207,NULL,'Constrictor, eastern boa','Atriplex cristata Humb. & Bonpl. ex Willd.',31,'2019-11-12 12:22:35',0,'0000-00-00 00:00:00',NULL),(11208,NULL,'Crow, american','Lastarriaea Remy',31,'2019-11-12 12:22:35',0,'0000-00-00 00:00:00',NULL),(11209,NULL,'Kelp gull','Rhamnus davurica Pall. ssp. davurica',31,'2019-11-12 12:22:35',0,'0000-00-00 00:00:00',NULL),(11210,NULL,'Goldeneye, common','Cymopterus basalticus M.E. Jones',31,'2019-11-12 12:22:35',0,'0000-00-00 00:00:00',NULL),(11211,NULL,'Javan gold-spotted mongoose','Fumaria officinalis L. ssp. officinalis',31,'2019-11-12 12:22:35',0,'0000-00-00 00:00:00',NULL),(11212,NULL,'Burrowing owl','Bromus laevipes Shear',31,'2019-11-12 12:22:35',0,'0000-00-00 00:00:00',NULL),(11213,NULL,'Langur, hanuman','Artemisia maritima L.',31,'2019-11-12 12:22:35',0,'0000-00-00 00:00:00',NULL),(11214,NULL,'Spoonbill, european','Trichomanes boschianum Sturm',31,'2019-11-12 12:22:35',0,'0000-00-00 00:00:00',NULL),(11215,NULL,'Red-shouldered glossy starling','Clermontia samuelii Forbes ssp. samuelii',31,'2019-11-12 12:22:35',0,'0000-00-00 00:00:00',NULL),(11216,NULL,'Springhare','Sarcogyne similis H. Magn.',31,'2019-11-12 12:22:35',0,'0000-00-00 00:00:00',NULL),(11217,NULL,'Swamp deer','Pohlia bolanderi (Sull.) Broth. var. seriata Shaw',31,'2019-11-12 12:22:35',0,'0000-00-00 00:00:00',NULL),(11218,NULL,'African jacana','Salix lemmonii Bebb',31,'2019-11-12 12:22:35',0,'0000-00-00 00:00:00',NULL),(11219,NULL,'White-throated robin','Melica subulata (Griseb.) Scribn. var. pammelii (Scribn.) C.L. Hitchc.',31,'2019-11-12 12:22:35',0,'0000-00-00 00:00:00',NULL),(11220,NULL,'Russian dragonfly','Hemidictyum C. Presl',31,'2019-11-12 12:22:35',0,'0000-00-00 00:00:00',NULL),(11221,NULL,'Rat, white-faced tree','Ventenata Koeler',31,'2019-11-12 12:22:35',0,'0000-00-00 00:00:00',NULL),(11222,NULL,'Dove, galapagos','Crinum asiaticum L.',31,'2019-11-12 12:22:35',0,'0000-00-00 00:00:00',NULL),(11223,NULL,'Squirrel glider','Aralia racemosa L. ssp. racemosa',31,'2019-11-12 12:22:35',0,'0000-00-00 00:00:00',NULL),(11224,NULL,'Guanaco','Cynometra portoricensis Krug & Urb.',31,'2019-11-12 12:22:35',0,'0000-00-00 00:00:00',NULL),(11225,NULL,'Squirrel, antelope ground','Lecidea dolodes Nyl.',31,'2019-11-12 12:22:35',0,'0000-00-00 00:00:00',NULL),(11226,NULL,'Jungle kangaroo','Delphinium nuttallii A. Gray',31,'2019-11-12 12:22:35',0,'0000-00-00 00:00:00',NULL),(11227,NULL,'Great skua','Pseudosasa japonica (Siebold & Zucc. ex Steud.) Makino ex Nakai',31,'2019-11-12 12:22:35',0,'0000-00-00 00:00:00',NULL),(11228,NULL,'Wattled crane','Cyanea acuminata (Gaudich.) Hillebr.',31,'2019-11-12 12:22:35',0,'0000-00-00 00:00:00',NULL),(11229,NULL,'Snake, green vine','Linum australe A. Heller var. glandulosum C.M. Rogers',31,'2019-11-12 12:22:35',0,'0000-00-00 00:00:00',NULL),(11230,NULL,'Crane, brolga','Physconia kurokawae Kashiw.',31,'2019-11-12 12:22:35',0,'0000-00-00 00:00:00',NULL),(11231,NULL,'Capuchin, white-fronted','Penstemon procerus Douglas ex Graham var. formosus (A. Nelson) Cronquist',31,'2019-11-12 12:22:36',0,'0000-00-00 00:00:00',NULL),(11232,NULL,'Gray rhea','Castilleja pallescens (A. Gray) Greenm.',31,'2019-11-12 12:22:36',0,'0000-00-00 00:00:00',NULL),(11233,NULL,'Red-necked phalarope','Lecidea glaucopholis Nyl.',31,'2019-11-12 12:22:36',0,'0000-00-00 00:00:00',NULL),(11234,NULL,'African bush squirrel','Phyllanthus fluitans Benth. ex Müll. Arg.',31,'2019-11-12 12:22:36',0,'0000-00-00 00:00:00',NULL),(11235,NULL,'Gerenuk','Astragalus collinus Douglas ex G. Don var. laurentii (Rydb.) Barneby',31,'2019-11-12 12:22:36',0,'0000-00-00 00:00:00',NULL),(11236,NULL,'Golden brush-tailed possum','Peltigera Willd.',31,'2019-11-12 12:22:36',0,'0000-00-00 00:00:00',NULL),(11237,NULL,'Greater kudu','Peltophorum dubia (Spreng.) Taubert',31,'2019-11-12 12:22:36',0,'0000-00-00 00:00:00',NULL),(11238,NULL,'Mourning collared dove','Rubus dissimilis L.H. Bailey',31,'2019-11-12 12:22:36',0,'0000-00-00 00:00:00',NULL),(11239,NULL,'Suricate','Salix glauca L. ssp. glauca',31,'2019-11-12 12:22:36',0,'0000-00-00 00:00:00',NULL),(11240,NULL,'Fox, blue','Taraxacum californicum Munz & I.M. Johnst.',31,'2019-11-12 12:22:36',0,'0000-00-00 00:00:00',NULL),(11241,NULL,'Blue racer','Collinsia heterophylla Buist ex Graham var. heterophylla',31,'2019-11-12 12:22:36',0,'0000-00-00 00:00:00',NULL),(11242,NULL,'Magnificent frigate bird','Eleocharis nigrescens (Nees) Steud.',31,'2019-11-12 12:22:36',0,'0000-00-00 00:00:00',NULL),(11243,NULL,'Olive baboon','Pinus rigida × taeda [unnamed hybrid]',31,'2019-11-12 12:22:36',0,'0000-00-00 00:00:00',NULL),(11244,NULL,'Phalarope, grey','Celosia virgata Jacq.',31,'2019-11-12 12:22:36',0,'0000-00-00 00:00:00',NULL),(11245,NULL,'Spur-winged goose','Graphis botryosa Tuck.',31,'2019-11-12 12:22:36',0,'0000-00-00 00:00:00',NULL),(11246,NULL,'Racer snake','Poeltinula cerebrina (DC.) Hafellner',31,'2019-11-12 12:22:36',0,'0000-00-00 00:00:00',NULL),(11247,NULL,'Hawk, ferruginous','Spiranthes magnicamporum Sheviak',31,'2019-11-12 12:22:36',0,'0000-00-00 00:00:00',NULL),(11248,NULL,'Gulls (unidentified)','Perrottetia Kunth',31,'2019-11-12 12:22:36',0,'0000-00-00 00:00:00',NULL),(11249,NULL,'Jaeger, long-tailed','Koeberlinia spinosa Zucc. var. tenuispina Kearney & Peebles',31,'2019-11-12 12:22:36',0,'0000-00-00 00:00:00',NULL),(11250,NULL,'Coatimundi, white-nosed','Phemeranthus confertiflorus (Greene) Hershkovitz',31,'2019-11-12 12:22:36',0,'0000-00-00 00:00:00',NULL),(11251,NULL,'Ring-tailed gecko','Jateorhiza Miers',31,'2019-11-12 12:22:36',0,'0000-00-00 00:00:00',NULL),(11252,NULL,'Sambar','Pogogyne ziziphoroides Benth.',31,'2019-11-12 12:22:36',0,'0000-00-00 00:00:00',NULL),(11253,NULL,'Red howler monkey','Nymphaea ×daubenyana W.T. Baxter ex Daubeny',31,'2019-11-12 12:22:36',0,'0000-00-00 00:00:00',NULL),(11254,NULL,'Dove, rock','Sicyos pachycarpus Hook. & Arn.',31,'2019-11-12 12:22:36',0,'0000-00-00 00:00:00',NULL),(11255,NULL,'Australian sea lion','Draba howellii S. Watson',31,'2019-11-12 12:22:36',0,'0000-00-00 00:00:00',NULL),(11256,NULL,'Bat, little brown','Lecanora atrosulphurea (Wahlenb.) Ach.',31,'2019-11-12 12:22:36',0,'0000-00-00 00:00:00',NULL),(11257,NULL,'Fox, north american red','Tamarix dioica Roxb. ex Roth',31,'2019-11-12 12:22:36',0,'0000-00-00 00:00:00',NULL),(11258,NULL,'European spoonbill','Buchnera obliqua Benth.',31,'2019-11-12 12:22:36',0,'0000-00-00 00:00:00',NULL),(11259,NULL,'Griffon vulture','Leontodon muelleri (Sch. Bip.) Fiori',31,'2019-11-12 12:22:36',0,'0000-00-00 00:00:00',NULL),(11260,NULL,'Common zebra','Hemarthria altissima (Poir.) Stapf & C.E. Hubbard',31,'2019-11-12 12:22:36',0,'0000-00-00 00:00:00',NULL),(11261,NULL,'Great skua','Verrucaria obnigrescens Nyl.',31,'2019-11-12 12:22:36',0,'0000-00-00 00:00:00',NULL),(11262,NULL,'Wagtail, african pied','Hemizonia DC.',31,'2019-11-12 12:22:36',0,'0000-00-00 00:00:00',NULL),(11263,NULL,'Kaffir cat','Sphagnum russowii Warnst.',31,'2019-11-12 12:22:36',0,'0000-00-00 00:00:00',NULL),(11264,NULL,'Bald eagle','Entada abyssinica Steud. ex A. Rich.',31,'2019-11-12 12:22:36',0,'0000-00-00 00:00:00',NULL),(11265,NULL,'Long-tailed jaeger','Machaeranthera pinnatifida (Hook.) Shinners ssp. pinnatifida',31,'2019-11-12 12:22:36',0,'0000-00-00 00:00:00',NULL),(11266,NULL,'Siskin, yellow-rumped','Buxus L.',31,'2019-11-12 12:22:36',0,'0000-00-00 00:00:00',NULL),(11267,NULL,'Racer snake','Tetramolopium filiforme Sherff var. filiforme',31,'2019-11-12 12:22:36',0,'0000-00-00 00:00:00',NULL),(11268,NULL,'Burmese brown mountain tortoise','Lychnis L.',31,'2019-11-12 12:22:36',0,'0000-00-00 00:00:00',NULL),(11269,NULL,'Marshbird, brown and yellow','Arnica L.',31,'2019-11-12 12:22:36',0,'0000-00-00 00:00:00',NULL),(11270,NULL,'Stork, yellow-billed','Chamaecrista flexuosa (L.) Greene var. texana (Buckley) Irwin & Barneby',31,'2019-11-12 12:22:36',0,'0000-00-00 00:00:00',NULL),(11271,NULL,'Flightless cormorant','Pediomelum hypogaeum (Nutt. ex Torr. & A. Gray) Rydb.',31,'2019-11-12 12:22:36',0,'0000-00-00 00:00:00',NULL),(11272,NULL,'Wallaby, bennett\'s','Smyrnium L.',31,'2019-11-12 12:22:36',0,'0000-00-00 00:00:00',NULL),(11273,NULL,'Red squirrel','Conyza canadensis (L.) Cronquist var. pusilla (Nutt.) Cronquist',31,'2019-11-12 12:22:36',0,'0000-00-00 00:00:00',NULL),(11274,NULL,'Frogmouth, tawny','Rhynchospora knieskernii Carey',31,'2019-11-12 12:22:36',0,'0000-00-00 00:00:00',NULL),(11275,NULL,'Chameleon (unidentified)','Hedyotis elatior (H. Mann) Fosberg',31,'2019-11-12 12:22:36',0,'0000-00-00 00:00:00',NULL),(11276,NULL,'Crane, stanley','Penstemon eriantherus Pursh',31,'2019-11-12 12:22:36',0,'0000-00-00 00:00:00',NULL),(11277,NULL,'Albatross, galapagos','Mandevilla macrosiphon (Torr.) Pichon',31,'2019-11-12 12:22:36',0,'0000-00-00 00:00:00',NULL),(11278,NULL,'Springbuck','Rollandia ambigua G. Don',31,'2019-11-12 12:22:36',0,'0000-00-00 00:00:00',NULL),(11279,NULL,'Levaillant\'s barbet','Cyathea armata (Sw.) Domin',31,'2019-11-12 12:22:36',0,'0000-00-00 00:00:00',NULL),(11280,NULL,'Lion, mountain','Argythamnia lanceolata (Benth.) Müll. Arg.',31,'2019-11-12 12:22:36',0,'0000-00-00 00:00:00',NULL),(11281,NULL,'White-winged tern','Muhlenbergia cuspidata (Torr. ex Hook.) Rydb.',31,'2019-11-12 12:22:36',0,'0000-00-00 00:00:00',NULL),(11282,NULL,'Siskin, pine','Pediomelum subacaule (Torr. & A. Gray) Rydb.',31,'2019-11-12 12:22:36',0,'0000-00-00 00:00:00',NULL),(11283,NULL,'Opossum, american virginia','Viola praemorsa Douglas ex Lindl. ssp. flavovirens (Pollard) Fabijan',31,'2019-11-12 12:22:36',0,'0000-00-00 00:00:00',NULL),(11284,NULL,'Serval','Cirsium gilense Wooton & Standl.',31,'2019-11-12 12:22:36',0,'0000-00-00 00:00:00',NULL),(11285,NULL,'Banded mongoose','Aphanisma Nutt. ex Moq.',31,'2019-11-12 12:22:36',0,'0000-00-00 00:00:00',NULL),(11286,NULL,'Blue shark','Tournefortia hirsutissima L.',31,'2019-11-12 12:22:36',0,'0000-00-00 00:00:00',NULL),(11287,NULL,'Screamer, crested','Scleria laxa R. Br.',31,'2019-11-12 12:22:36',0,'0000-00-00 00:00:00',NULL),(11288,NULL,'Possum, western pygmy','Echinocereus viridiflorus Engelm. var. russanthus (D. Weniger) A.D. Zimmerman',31,'2019-11-12 12:22:36',0,'0000-00-00 00:00:00',NULL),(11289,NULL,'Common raccoon','Nolina erumpens (Torr.) S. Watson',31,'2019-11-12 12:22:36',0,'0000-00-00 00:00:00',NULL),(11290,NULL,'Southern elephant seal','Spilonema paradoxum Bornet',31,'2019-11-12 12:22:36',0,'0000-00-00 00:00:00',NULL),(11291,NULL,'Ovenbird','Chimaphila umbellata (L.) W.P.C. Barton ssp. occidentalis (Rydb.) Hultén',31,'2019-11-12 12:22:36',0,'0000-00-00 00:00:00',NULL),(11292,NULL,'Barbet, crested','Cyanea rivularis Rock',31,'2019-11-12 12:22:36',0,'0000-00-00 00:00:00',NULL),(11293,NULL,'Bustard, stanley','Lobelia anatina E. Wimm.',31,'2019-11-12 12:22:36',0,'0000-00-00 00:00:00',NULL),(11294,NULL,'Crane, wattled','Cnidoscolus urens (L.) Arthur var. stimulosus (Michx.) Govaerts',31,'2019-11-12 12:22:36',0,'0000-00-00 00:00:00',NULL),(11295,NULL,'Javanese cormorant','Brachythecium albicans (Hedw.) Schimp.',31,'2019-11-12 12:22:36',0,'0000-00-00 00:00:00',NULL),(11296,NULL,'Caiman, spectacled','Sarracenia ×areolata Macfarlane (pro sp.)',31,'2019-11-12 12:22:36',0,'0000-00-00 00:00:00',NULL),(11297,NULL,'Downy woodpecker','Perideridia pringlei (J.M. Coult. & Rose) A. Nelson & J.F. Macbr.',31,'2019-11-12 12:22:36',0,'0000-00-00 00:00:00',NULL),(11298,NULL,'Fox, silver-backed','Dichanthelium acuminatum (Sw.) Gould & C.A. Clark var. thermale (Bol.) Freckmann',31,'2019-11-12 12:22:36',0,'0000-00-00 00:00:00',NULL),(11299,NULL,'Eagle, golden','Montia parvifolia (Moc. ex DC.) Greene',31,'2019-11-12 12:22:36',0,'0000-00-00 00:00:00',NULL),(11300,NULL,'Gemsbok','Helenium microcephalum DC. var. microcephalum',31,'2019-11-12 12:22:36',0,'0000-00-00 00:00:00',NULL),(11301,NULL,'Lesser masked weaver','Lupinus arbustus Douglas ex Lindl. ssp. arbustus',31,'2019-11-12 12:22:36',0,'0000-00-00 00:00:00',NULL),(11302,NULL,'Black-tailed prairie dog','Phlyctella Krempelh.',31,'2019-11-12 12:22:36',0,'0000-00-00 00:00:00',NULL),(11303,NULL,'Emu','Meesia Hedw.',31,'2019-11-12 12:22:36',0,'0000-00-00 00:00:00',NULL),(11304,NULL,'Racer, blue','Monarda fistulosa L. ssp. fistulosa var. menthifolia (Graham) Fernald',31,'2019-11-12 12:22:36',0,'0000-00-00 00:00:00',NULL),(11305,NULL,'American Virginia opossum','Carex sabulosa Turcz. ex Kunth',31,'2019-11-12 12:22:36',0,'0000-00-00 00:00:00',NULL),(11306,NULL,'Grouse, sage','Rumex nematopodus Rech. f.',31,'2019-11-12 12:22:36',0,'0000-00-00 00:00:00',NULL),(11307,NULL,'Cottonmouth','Carex squarrosa L.',31,'2019-11-12 12:22:36',0,'0000-00-00 00:00:00',NULL),(11308,NULL,'Shelduck, european','Stillingia texana I.M. Johnst.',31,'2019-11-12 12:22:36',0,'0000-00-00 00:00:00',NULL),(11309,NULL,'Dragon, ornate rock','Dryopteris celsa (Wm. Palmer) Knowlt., Palmer & Pollard ex Small',31,'2019-11-12 12:22:36',0,'0000-00-00 00:00:00',NULL),(11310,NULL,'Squirrel, golden-mantled ground','Ephedra viridis Coville',31,'2019-11-12 12:22:36',0,'0000-00-00 00:00:00',NULL),(11311,NULL,'Baboon, gelada','Stachytarpheta ×intercedens Danser',31,'2019-11-12 12:22:36',0,'0000-00-00 00:00:00',NULL),(11312,NULL,'Dama wallaby','Bulbothrix coronata (Fée) Hale',31,'2019-11-12 12:22:36',0,'0000-00-00 00:00:00',NULL),(11313,NULL,'House sparrow','Asclepias nummularia Torr.',31,'2019-11-12 12:22:36',0,'0000-00-00 00:00:00',NULL),(11314,NULL,'Dunnart, fat-tailed','Sagraea domingensis DC.',31,'2019-11-12 12:22:36',0,'0000-00-00 00:00:00',NULL),(11315,NULL,'Long-necked turtle','Lecanora apochraeoides Vain.',31,'2019-11-12 12:22:36',0,'0000-00-00 00:00:00',NULL),(11316,NULL,'Swainson\'s francolin','Callitriche terrestris Raf.',31,'2019-11-12 12:22:36',0,'0000-00-00 00:00:00',NULL),(11317,NULL,'Eastern quoll','Hackelochloa Kuntze',31,'2019-11-12 12:22:36',0,'0000-00-00 00:00:00',NULL),(11318,NULL,'Monkey, black spider','Sporobolus elongatus R. Br.',31,'2019-11-12 12:22:36',0,'0000-00-00 00:00:00',NULL),(11319,NULL,'Fox, pampa gray','Betula ×eastwoodiae Sarg. (pro sp.)',31,'2019-11-12 12:22:36',0,'0000-00-00 00:00:00',NULL),(11320,NULL,'Laughing dove','Juncus albescens (Lange) Fernald',31,'2019-11-12 12:22:36',0,'0000-00-00 00:00:00',NULL),(11321,NULL,'African pied wagtail','Warnstorfia fluitans (Hedw.) Loeske var. falcata (Sanio ex C.E.O. Jensen) H.A. Crum & L.E. Anderson',31,'2019-11-12 12:22:36',0,'0000-00-00 00:00:00',NULL),(11322,NULL,'Brindled gnu','Bromus suksdorfii Vasey',31,'2019-11-12 12:22:36',0,'0000-00-00 00:00:00',NULL),(11323,NULL,'Lapwing, southern','Rumex salicifolius Weinm. var. transitorius (Rech. f.) J.C. Hickman',31,'2019-11-12 12:22:36',0,'0000-00-00 00:00:00',NULL),(11324,NULL,'Feathertail glider','Polypogon interruptus Kunth',31,'2019-11-12 12:22:36',0,'0000-00-00 00:00:00',NULL),(11325,NULL,'Square-lipped rhinoceros','Prosopis reptans Benth. var. cinerascens (A. Gray) Burkart',31,'2019-11-12 12:22:36',0,'0000-00-00 00:00:00',NULL),(11326,NULL,'Cape white-eye','Euphorbia davidii Subils',31,'2019-11-12 12:22:36',0,'0000-00-00 00:00:00',NULL),(11327,NULL,'Lion, south american sea','Eriogonum nudum Douglas ex Benth. var. decurrens (S. Stokes) M.L. Bowerman',31,'2019-11-12 12:22:36',0,'0000-00-00 00:00:00',NULL),(11328,NULL,'Olive baboon','Agalinis filicaulis (Benth.) Pennell',31,'2019-11-12 12:22:36',0,'0000-00-00 00:00:00',NULL),(11329,NULL,'Indian red admiral','Eucalyptus rigens Brooker & Hopper',31,'2019-11-12 12:22:36',0,'0000-00-00 00:00:00',NULL),(11330,NULL,'Squirrel, indian giant','Claytonia saxosa Brandegee',31,'2019-11-12 12:22:36',0,'0000-00-00 00:00:00',NULL),(11331,NULL,'Black kite','Penstemon auriberbis Pennell',31,'2019-11-12 12:22:36',0,'0000-00-00 00:00:00',NULL),(11332,NULL,'Skink, blue-tongued','Pyrenula septicollaris (Eschw.) R.C. Harris',31,'2019-11-12 12:22:36',0,'0000-00-00 00:00:00',NULL),(11333,NULL,'Stork, jabiru','Crataegus vailiae Britton',31,'2019-11-12 12:22:36',0,'0000-00-00 00:00:00',NULL),(11334,NULL,'Boa, emerald green tree','Solanum tenuipes Bartlett var. latisectum M.D. Whalen',31,'2019-11-12 12:22:36',0,'0000-00-00 00:00:00',NULL),(11335,NULL,'Ibis, sacred','Cladonia imbricaria Kristinsson',31,'2019-11-12 12:22:36',0,'0000-00-00 00:00:00',NULL),(11336,NULL,'Seal, southern elephant','Stellaria media (L.) Vill. ssp. neglecta (Weihe) Murb.',31,'2019-11-12 12:22:36',0,'0000-00-00 00:00:00',NULL),(11337,NULL,'Langur, hanuman','Mitella ×intermedia Bruhin ex Small & Rydb. (pro sp.)',31,'2019-11-12 12:22:36',0,'0000-00-00 00:00:00',NULL),(11338,NULL,'Blue shark','Cyperus hyalinus Vahl',31,'2019-11-12 12:22:36',0,'0000-00-00 00:00:00',NULL),(11339,NULL,'Galapagos penguin','Schizanthus Ruiz & Pav.',31,'2019-11-12 12:22:36',0,'0000-00-00 00:00:00',NULL),(11340,NULL,'Violet-eared waxbill','Packera glabella (Poir.) C. Jeffrey',31,'2019-11-12 12:22:36',0,'0000-00-00 00:00:00',NULL),(11341,NULL,'Western pygmy possum','Kalanchoe fedtschenkoi Raym.-Hamet & H. Perrier',31,'2019-11-12 12:22:36',0,'0000-00-00 00:00:00',NULL),(11342,NULL,'Aardwolf','Seligeria Bruch & Schimp.',31,'2019-11-12 12:22:36',0,'0000-00-00 00:00:00',NULL),(11343,NULL,'Blue shark','Scoliciosporum umbrinum (Ach.) Arnold var. compacta (Körb.) Vezda',31,'2019-11-12 12:22:36',0,'0000-00-00 00:00:00',NULL),(11344,NULL,'Butterfly, canadian tiger swallowtail','Artemisia glomerata Ledeb.',31,'2019-11-12 12:22:36',0,'0000-00-00 00:00:00',NULL),(11345,NULL,'Wapiti, elk,','Packera fendleri (A. Gray) W.A. Weber & Á. Löve',31,'2019-11-12 12:22:36',0,'0000-00-00 00:00:00',NULL),(11346,NULL,'Crow, house','Eriogonum brevicaule Nutt. var. laxifolium (Torr. & A. Gray) Reveal',31,'2019-11-12 12:22:36',0,'0000-00-00 00:00:00',NULL),(11347,NULL,'Seal, northern fur','Abutilon megapotamicum (A. Spreng.) A. St.-Hil. & Naudin',31,'2019-11-12 12:22:36',0,'0000-00-00 00:00:00',NULL),(11348,NULL,'Wolf spider','Cyrtandra hawaiensis C.B. Clarke',31,'2019-11-12 12:22:36',0,'0000-00-00 00:00:00',NULL),(11349,NULL,'Azara\'s zorro','Cryptantha creutzfeldtii S.L. Welsh',31,'2019-11-12 12:22:36',0,'0000-00-00 00:00:00',NULL),(11350,NULL,'Red-necked wallaby','Ligusticum scoticum L.',31,'2019-11-12 12:22:36',0,'0000-00-00 00:00:00',NULL),(11351,NULL,'Leadbeateri\'s ground hornbill','Minuartia marcescens (Fernald) House',31,'2019-11-12 12:22:36',0,'0000-00-00 00:00:00',NULL),(11352,NULL,'Quail, gambel\'s','Cryptantha echinella Greene',31,'2019-11-12 12:22:36',0,'0000-00-00 00:00:00',NULL),(11353,NULL,'Two-toed sloth','Jacquiniella globosa (Jacq.) Schltr.',31,'2019-11-12 12:22:36',0,'0000-00-00 00:00:00',NULL),(11354,NULL,'Leopard, indian','Tournefortia filiflora Griseb.',31,'2019-11-12 12:22:36',0,'0000-00-00 00:00:00',NULL),(11355,NULL,'Baboon, chacma','Thalictrum nigromontanum B. Boivin',31,'2019-11-12 12:22:36',0,'0000-00-00 00:00:00',NULL),(11356,NULL,'Greater sage grouse','Elionurus tripsacoides Humb. & Bonpl. ex Willd.',31,'2019-11-12 12:22:36',0,'0000-00-00 00:00:00',NULL),(11357,NULL,'Silver gull','Carpinus L.',31,'2019-11-12 12:22:36',0,'0000-00-00 00:00:00',NULL),(11358,NULL,'Owl, burrowing','Penstemon heterodoxus A. Gray var. shastensis (D.D. Keck) N.H. Holmgren',31,'2019-11-12 12:22:36',0,'0000-00-00 00:00:00',NULL),(11359,NULL,'Lava gull','Diospyros virginiana L.',31,'2019-11-12 12:22:36',0,'0000-00-00 00:00:00',NULL),(11360,NULL,'Cape starling','Conioselinum gmelinii (Cham. & Schltdl.) Steud.',31,'2019-11-12 12:22:36',0,'0000-00-00 00:00:00',NULL),(11361,NULL,'Wombat, southern hairy-nosed','Nyctaginia capitata Choisy',31,'2019-11-12 12:22:36',0,'0000-00-00 00:00:00',NULL),(11362,NULL,'Shrike, common boubou','Thelypteris verecunda Proctor',31,'2019-11-12 12:22:36',0,'0000-00-00 00:00:00',NULL),(11363,NULL,'Elegant crested tinamou','Mandevilla lanuginosa (M. Martens & Galeotti) Pichon',31,'2019-11-12 12:22:36',0,'0000-00-00 00:00:00',NULL),(11364,NULL,'Black-winged stilt','Ivesia Torr. & A. Gray',31,'2019-11-12 12:22:36',0,'0000-00-00 00:00:00',NULL),(11365,NULL,'Hudsonian godwit','Grimmia poecilostoma Cardot & Seb.',31,'2019-11-12 12:22:36',0,'0000-00-00 00:00:00',NULL),(11366,NULL,'White stork','Viola ×insessa House',31,'2019-11-12 12:22:36',0,'0000-00-00 00:00:00',NULL),(11367,NULL,'Mississippi alligator','Papaver nudicaule L.',31,'2019-11-12 12:22:36',0,'0000-00-00 00:00:00',NULL),(11368,NULL,'Red-tailed cockatoo','Arabis pulchra M.E. Jones ex S. Watson',31,'2019-11-12 12:22:36',0,'0000-00-00 00:00:00',NULL),(11369,NULL,'Whip-tailed wallaby','Castilleja parviflora Bong. var. oreopola (Greenm.) Ownbey',31,'2019-11-12 12:22:36',0,'0000-00-00 00:00:00',NULL),(11370,NULL,'Eurasian badger','Crataegus vulsa Beadle',31,'2019-11-12 12:22:36',0,'0000-00-00 00:00:00',NULL),(11371,NULL,'Red-necked wallaby','Malvaviscus arboreus Dill. ex Cav. var. arboreus',31,'2019-11-12 12:22:37',0,'0000-00-00 00:00:00',NULL),(11372,NULL,'Springbok','Montanoa Llave & Lex.',31,'2019-11-12 12:22:37',0,'0000-00-00 00:00:00',NULL),(11373,NULL,'River wallaby','Physostegia godfreyi Cantino',31,'2019-11-12 12:22:37',0,'0000-00-00 00:00:00',NULL),(11374,NULL,'Shrike, common boubou','Echinoplaca Fée',31,'2019-11-12 12:22:37',0,'0000-00-00 00:00:00',NULL),(11375,NULL,'Fox, crab-eating','Eriogonum pauciflorum Pursh var. gnaphalodes (Benth.) Reveal',31,'2019-11-12 12:22:37',0,'0000-00-00 00:00:00',NULL),(11376,NULL,'Otter, cape clawless','Cyanea aculeatiflora Rock',31,'2019-11-12 12:22:37',0,'0000-00-00 00:00:00',NULL),(11377,NULL,'Mourning collared dove','Hackelia besseyi (Rydb.) J.L. Gentry',31,'2019-11-12 12:22:37',0,'0000-00-00 00:00:00',NULL),(11378,NULL,'Pale white-eye','Tephroseris atropurpurea (Ledeb.) Holub',31,'2019-11-12 12:22:37',0,'0000-00-00 00:00:00',NULL),(11379,NULL,'Bald eagle','Anulocaulis leiosolenus (Torr.) Standl. var. leiosolenus',31,'2019-11-12 12:22:37',0,'0000-00-00 00:00:00',NULL),(11380,NULL,'Blackbird, red-winged','Bromus hordeaceus L. ssp. thominei (Hardham ex Nyman) Braun-Blanq.',31,'2019-11-12 12:22:37',0,'0000-00-00 00:00:00',NULL),(11381,NULL,'Osprey','Lupinus kingii S. Watson',31,'2019-11-12 12:22:37',0,'0000-00-00 00:00:00',NULL),(11382,NULL,'American crow','Lomatium repostum (Jeps.) Mathias',31,'2019-11-12 12:22:37',0,'0000-00-00 00:00:00',NULL),(11383,NULL,'Kangaroo, eastern grey','Atriplex falcata (M.E. Jones) Standl.',31,'2019-11-12 12:22:37',0,'0000-00-00 00:00:00',NULL),(11384,NULL,'Small-spotted genet','Senna monozyx (Irwin & Barneby) Irwin & Barneby',31,'2019-11-12 12:22:37',0,'0000-00-00 00:00:00',NULL),(11385,NULL,'Crane, blue','Mimulus dudleyi A.L. Grant',31,'2019-11-12 12:22:37',0,'0000-00-00 00:00:00',NULL),(11386,NULL,'White-winged dove','Pleomele aurea (H. Mann) N.E. Br.',31,'2019-11-12 12:22:37',0,'0000-00-00 00:00:00',NULL),(11387,NULL,'Waved albatross','Justicia warnockii B.L. Turner',31,'2019-11-12 12:22:37',0,'0000-00-00 00:00:00',NULL),(11388,NULL,'African jacana','Jaegerina Müll. Hal.',31,'2019-11-12 12:22:37',0,'0000-00-00 00:00:00',NULL),(11389,NULL,'Chilean flamingo','Thelypteris noveboracensis (L.) Nieuwl.',31,'2019-11-12 12:22:37',0,'0000-00-00 00:00:00',NULL),(11390,NULL,'Gerenuk','Proserpinaca L.',31,'2019-11-12 12:22:37',0,'0000-00-00 00:00:00',NULL),(11391,NULL,'Savanna fox','Cyperus meyenianus Kunth',31,'2019-11-12 12:22:37',0,'0000-00-00 00:00:00',NULL),(11392,NULL,'Porcupine, indian','Antennaria monocephala DC. ssp. angustata (Greene) Hultén',31,'2019-11-12 12:22:37',0,'0000-00-00 00:00:00',NULL),(11393,NULL,'Asian red fox','Ligularia Cass.',31,'2019-11-12 12:22:37',0,'0000-00-00 00:00:00',NULL),(11394,NULL,'Arboral spiny rat','Eucephalus Nutt.',31,'2019-11-12 12:22:37',0,'0000-00-00 00:00:00',NULL),(11395,NULL,'Indian leopard','Galium sparsiflorum W. Wight ssp. sparsiflorum',31,'2019-11-12 12:22:37',0,'0000-00-00 00:00:00',NULL),(11396,NULL,'Hawk-headed parrot','Heterotheca subaxillaris (Lam.) Britton & Rusby',31,'2019-11-12 12:22:37',0,'0000-00-00 00:00:00',NULL),(11397,NULL,'Badger, european','Cyrtandra ×ramosissima Rock (pro sp.)',31,'2019-11-12 12:22:37',0,'0000-00-00 00:00:00',NULL),(11398,NULL,'Spectacled caiman','Cardamine purpurea Cham. & Schltdl.',31,'2019-11-12 12:22:37',0,'0000-00-00 00:00:00',NULL),(11399,NULL,'Zorro, azara\'s','Oxytropis besseyi (Rydb.) Blank.',31,'2019-11-12 12:22:37',0,'0000-00-00 00:00:00',NULL),(11400,NULL,'Striped dolphin','Eriogonum jamesii Benth. var. simplex Gandog.',31,'2019-11-12 12:22:37',0,'0000-00-00 00:00:00',NULL),(11401,NULL,'Yellow-bellied marmot','Lupinus angustifolius L.',31,'2019-11-12 12:22:37',0,'0000-00-00 00:00:00',NULL),(11402,NULL,'Dolphin, bottle-nose','Symphyotrichum foliaceum (Lindl. ex DC.) G.L. Nesom var. apricum (A. Gray) G.L. Nesom',31,'2019-11-12 12:22:37',0,'0000-00-00 00:00:00',NULL),(11403,NULL,'Fox, arctic','Avenula pubescens (Huds.) Dumort.',31,'2019-11-12 12:22:37',0,'0000-00-00 00:00:00',NULL),(11404,NULL,'Civet, small-toothed palm','Astragalus miser Douglas ex Hook. var. oblongifolius (Rydb.) Cronquist',31,'2019-11-12 12:22:37',0,'0000-00-00 00:00:00',NULL),(11405,NULL,'Fringe-eared oryx','Verbena neomexicana (A. Gray) Small var. hirtella L.M. Perry',31,'2019-11-12 12:22:37',0,'0000-00-00 00:00:00',NULL),(11406,NULL,'Tortoise, burmese brown mountain','Galium emeryense Dempster & Ehrend. ssp. emeryense',31,'2019-11-12 12:22:37',0,'0000-00-00 00:00:00',NULL),(11407,NULL,'Asian water dragon','Sagina maxima A. Gray ssp. crassicaulis (S. Watson) Crow',31,'2019-11-12 12:22:37',0,'0000-00-00 00:00:00',NULL),(11408,NULL,'Wolf, timber','Hymenocallis choctawensis Traub',31,'2019-11-12 12:22:37',0,'0000-00-00 00:00:00',NULL),(11409,NULL,'Bee-eater, white-fronted','Saxifraga bryophora A. Gray',31,'2019-11-12 12:22:37',0,'0000-00-00 00:00:00',NULL),(11410,NULL,'Cat, ringtail','Cirsium japonicum Fisch. ex DC.',31,'2019-11-12 12:22:37',0,'0000-00-00 00:00:00',NULL),(11411,NULL,'Collared peccary','Hieracium lemmonii A. Gray',31,'2019-11-12 12:22:37',0,'0000-00-00 00:00:00',NULL),(11412,NULL,'Sacred ibis','Sedum lineare Thunb.',31,'2019-11-12 12:22:37',0,'0000-00-00 00:00:00',NULL),(11413,NULL,'Armadillo, giant','Isopogon dubius (R. Br.) Druce',31,'2019-11-12 12:22:37',0,'0000-00-00 00:00:00',NULL),(11414,NULL,'Hyena, spotted','Gentiana newberryi A. Gray',31,'2019-11-12 12:22:37',0,'0000-00-00 00:00:00',NULL),(11415,NULL,'Green-winged macaw','Mirabilis laevis (Benth.) Curran var. crassifolia (Choisy) Spellenb.',31,'2019-11-12 12:22:37',0,'0000-00-00 00:00:00',NULL),(11416,NULL,'Squirrel, eastern fox','Peltigera degenii Gyel.',31,'2019-11-12 12:22:37',0,'0000-00-00 00:00:00',NULL),(11417,NULL,'Porcupine, north american','Acanthospermum humile (Sw.) DC.',31,'2019-11-12 12:22:37',0,'0000-00-00 00:00:00',NULL),(11418,NULL,'Antelope, four-horned','Lupinus wyethii S. Watson ssp. wyethii',31,'2019-11-12 12:22:37',0,'0000-00-00 00:00:00',NULL),(11419,NULL,'White-throated monitor','Chamaesyce serpyllifolia (Pers.) Small',31,'2019-11-12 12:22:37',0,'0000-00-00 00:00:00',NULL),(11420,NULL,'Zorro, common','Mentzelia inyoensis Prigge',31,'2019-11-12 12:22:37',0,'0000-00-00 00:00:00',NULL),(11421,NULL,'Turaco, violet-crested','Chamaemelum Mill.',31,'2019-11-12 12:22:37',0,'0000-00-00 00:00:00',NULL),(11422,NULL,'Flying fox (unidentified)','Pedicularis racemosa Douglas ex Benth. ssp. racemosa',31,'2019-11-12 12:22:37',0,'0000-00-00 00:00:00',NULL),(11423,NULL,'Otter, giant','Dicranella crispa (Hedw.) Schimp.',31,'2019-11-12 12:22:37',0,'0000-00-00 00:00:00',NULL),(11424,NULL,'Chimpanzee','Pyrenula macounii R.C. Harris',31,'2019-11-12 12:22:37',0,'0000-00-00 00:00:00',NULL),(11425,NULL,'Gecko, bent-toed','Vitis rotundifolia Michx. var. rotundifolia',31,'2019-11-12 12:22:37',0,'0000-00-00 00:00:00',NULL),(11426,NULL,'Snake (unidentified)','Cleome isomeris Greene',31,'2019-11-12 12:22:37',0,'0000-00-00 00:00:00',NULL),(11427,NULL,'Anteater, giant','Atriplex cuneata A. Nelson ssp. cuneata',31,'2019-11-12 12:22:37',0,'0000-00-00 00:00:00',NULL),(11428,NULL,'Giant otter','Paspalidium philippianum Parodi [excluded]',31,'2019-11-12 12:22:37',0,'0000-00-00 00:00:00',NULL),(11429,NULL,'Crane, blue','Aspicilia novae-semliae (Zahlbr.) Oksner',31,'2019-11-12 12:22:37',0,'0000-00-00 00:00:00',NULL),(11430,NULL,'Swallow (unidentified)','Silene uralensis (Rupr.) Bocquet ssp. montana (S. Watson) McNeill',31,'2019-11-12 12:22:37',0,'0000-00-00 00:00:00',NULL),(11431,NULL,'Monkey, rhesus','Aira praecox L.',31,'2019-11-12 12:22:37',0,'0000-00-00 00:00:00',NULL),(11432,NULL,'Crane, black-crowned','Chamaesyce polygonifolia (L.) Small',31,'2019-11-12 12:22:37',0,'0000-00-00 00:00:00',NULL),(11433,NULL,'Silver-backed fox','Bidens bigelovii A. Gray var. bigelovii',31,'2019-11-12 12:22:37',0,'0000-00-00 00:00:00',NULL),(11434,NULL,'American bison','Monoptilon bellioides (A. Gray) H.M. Hall',31,'2019-11-12 12:22:37',0,'0000-00-00 00:00:00',NULL),(11435,NULL,'Yellow-headed caracara','Adenophorus haalilioanus (Brack.) K.A. Wilson',31,'2019-11-12 12:22:37',0,'0000-00-00 00:00:00',NULL),(11436,NULL,'Deer, black-tailed','Olfersia cervina (L.) Kunze',31,'2019-11-12 12:22:37',0,'0000-00-00 00:00:00',NULL),(11437,NULL,'Monitor, water','Sicyos parviflorus Willd.',31,'2019-11-12 12:22:37',0,'0000-00-00 00:00:00',NULL),(11438,NULL,'Antelope, sable','Phaeophyscia ciliata (Hoffm.) Moberg',31,'2019-11-12 12:22:37',0,'0000-00-00 00:00:00',NULL),(11439,NULL,'Western patch-nosed snake','Lindsaea repens (Bory) Thwaites',31,'2019-11-12 12:22:37',0,'0000-00-00 00:00:00',NULL),(11440,NULL,'Grey phalarope','Piperia elegans (Lindl.) Rydb. ssp. decurtata R. Morgan & Glicenstein',31,'2019-11-12 12:22:37',0,'0000-00-00 00:00:00',NULL),(11441,NULL,'Roseate cockatoo','Habranthus Herb.',31,'2019-11-12 12:22:37',0,'0000-00-00 00:00:00',NULL),(11442,NULL,'Pelican, great white','Atriplex rhagodioides F. Muell.',31,'2019-11-12 12:22:37',0,'0000-00-00 00:00:00',NULL),(11443,NULL,'Eastern white pelican','Desmodium cinerascens A. Gray',31,'2019-11-12 12:22:37',0,'0000-00-00 00:00:00',NULL),(11444,NULL,'Agile wallaby','Eragrostis pectinacea (Michx.) Nees ex Steud. var. tracyi (Hitchc.) P.M. Peterson',31,'2019-11-12 12:22:37',0,'0000-00-00 00:00:00',NULL),(11445,NULL,'Monkey, vervet','Bromus squarrosus L.',31,'2019-11-12 12:22:37',0,'0000-00-00 00:00:00',NULL),(11446,NULL,'Kingfisher, malachite','Senecio erucifolius L.',31,'2019-11-12 12:22:37',0,'0000-00-00 00:00:00',NULL),(11447,NULL,'Catfish, blue','Navarretia nigelliformis Greene ssp. radians (J.T. Howell) Day',31,'2019-11-12 12:22:37',0,'0000-00-00 00:00:00',NULL),(11448,NULL,'Bare-faced go away bird','Rosa ×dulcissima Lunell (pro sp.)',31,'2019-11-12 12:22:37',0,'0000-00-00 00:00:00',NULL),(11449,NULL,'Dog, raccoon','Iris virginica L. var. shrevei (Small) E.S. Anderson',31,'2019-11-12 12:22:37',0,'0000-00-00 00:00:00',NULL),(11450,NULL,'Peacock, blue','Townsendia mensana M.E. Jones',31,'2019-11-12 12:22:37',0,'0000-00-00 00:00:00',NULL),(11451,NULL,'Osprey','Eruca vesicaria (L.) Cav.',31,'2019-11-12 12:22:37',0,'0000-00-00 00:00:00',NULL),(11452,NULL,'Currasow (unidentified)','Hypnum subimponens Lesq.',31,'2019-11-12 12:22:37',0,'0000-00-00 00:00:00',NULL),(11453,NULL,'Oryx, beisa','Ribes nevadense Kellogg var. nevadense',31,'2019-11-12 12:22:37',0,'0000-00-00 00:00:00',NULL),(11454,NULL,'Giant heron','Mammillaria wrightii Engelm.',31,'2019-11-12 12:22:37',0,'0000-00-00 00:00:00',NULL),(11455,NULL,'Brown lemur','Sideroxylon reclinatum Michx. ssp. austrofloridense (Whetstone) Kartesz & Gandhi',31,'2019-11-12 12:22:37',0,'0000-00-00 00:00:00',NULL),(11456,NULL,'Ground monitor (unidentified)','Senecio aphanactis Greene',31,'2019-11-12 12:22:37',0,'0000-00-00 00:00:00',NULL),(11457,NULL,'Gray heron','Uvularia sessilifolia L.',31,'2019-11-12 12:22:37',0,'0000-00-00 00:00:00',NULL),(11458,NULL,'Wombat, southern hairy-nosed','Ambrosia tomentosa Nutt.',31,'2019-11-12 12:22:37',0,'0000-00-00 00:00:00',NULL),(11459,NULL,'Lesser flamingo','Viola affinis Leconte',31,'2019-11-12 12:22:37',0,'0000-00-00 00:00:00',NULL),(11460,NULL,'Waxbill, black-cheeked','Festuca viridula Vasey',31,'2019-11-12 12:22:37',0,'0000-00-00 00:00:00',NULL),(11461,NULL,'Lizard (unidentified)','Camassia quamash (Pursh) Greene ssp. utahensis Gould',31,'2019-11-12 12:22:37',0,'0000-00-00 00:00:00',NULL),(11462,NULL,'Peccary, white-lipped','Polytrichum commune Hedw.',31,'2019-11-12 12:22:37',0,'0000-00-00 00:00:00',NULL),(11463,NULL,'Snake, carpet','Mielichhoferia mielichhoferiana (Funck) Loeske',31,'2019-11-12 12:22:37',0,'0000-00-00 00:00:00',NULL),(11464,NULL,'Nubian bee-eater','Aerva Forssk.',31,'2019-11-12 12:22:37',0,'0000-00-00 00:00:00',NULL),(11465,NULL,'Monkey, black spider','Adenophorus periens Bishop',31,'2019-11-12 12:22:37',0,'0000-00-00 00:00:00',NULL),(11466,NULL,'Ringtail','Apacheria chiricahuensis C.T. Mason',31,'2019-11-12 12:22:37',0,'0000-00-00 00:00:00',NULL),(11467,NULL,'Galapagos dove','Nemacladus rubescens Greene var. tenuis McVaugh',31,'2019-11-12 12:22:37',0,'0000-00-00 00:00:00',NULL),(11468,NULL,'Banded mongoose','Cladina ciliata (Stirt.) Trass var. tenuis (Flörke) Ahti & M.J. Lai',31,'2019-11-12 12:22:37',0,'0000-00-00 00:00:00',NULL),(11469,NULL,'Red phalarope','Blighia K.D. Koenig',31,'2019-11-12 12:22:37',0,'0000-00-00 00:00:00',NULL),(11470,NULL,'Grey fox','Ilex nitida (Vahl) Maxim.',31,'2019-11-12 12:22:37',0,'0000-00-00 00:00:00',NULL),(11471,NULL,'Steller sea lion','Salix alaxensis (Andersson) Coville',31,'2019-11-12 12:22:37',0,'0000-00-00 00:00:00',NULL),(11472,NULL,'Swallow-tail gull','Malus toringo (Siebold) Siebold ex de Vriese',31,'2019-11-12 12:22:37',0,'0000-00-00 00:00:00',NULL),(11473,NULL,'Turkey, australian brush','Psoralidium lanceolatum (Pursh) Rydb.',31,'2019-11-12 12:22:37',0,'0000-00-00 00:00:00',NULL),(11474,NULL,'Penguin, fairy','Erigeron flabellifolius Rydb.',31,'2019-11-12 12:22:37',0,'0000-00-00 00:00:00',NULL),(11475,NULL,'Crown of thorns starfish','Astragalus kentrophyta A. Gray',31,'2019-11-12 12:22:37',0,'0000-00-00 00:00:00',NULL),(11476,NULL,'Bear, sloth','Clermontia ×leptoclada Rock (pro sp.)',31,'2019-11-12 12:22:37',0,'0000-00-00 00:00:00',NULL),(11477,NULL,'Galapagos mockingbird','Sequoia sempervirens (Lamb. ex D. Don) Endl.',31,'2019-11-12 12:22:37',0,'0000-00-00 00:00:00',NULL),(11478,NULL,'Admiral, indian red','Eriogonum annuum Nutt.',31,'2019-11-12 12:22:37',0,'0000-00-00 00:00:00',NULL),(11479,NULL,'Levaillant\'s barbet','Chaetopappa ericoides (Torr.) G.L. Nesom',31,'2019-11-12 12:22:37',0,'0000-00-00 00:00:00',NULL),(11480,NULL,'Pintail, white-cheeked','Nicotiana acuminata (Graham) Hook. var. acuminata (Graham) Hook. [excluded]',31,'2019-11-12 12:22:37',0,'0000-00-00 00:00:00',NULL),(11481,NULL,'Vulture, white-headed','Gazania linearis (Thunb.) Druce',31,'2019-11-12 12:22:37',0,'0000-00-00 00:00:00',NULL),(11482,NULL,'Coatimundi, ring-tailed','Bidens hillebrandiana (Drake) O. Deg. ssp. hillebrandiana',31,'2019-11-12 12:22:37',0,'0000-00-00 00:00:00',NULL),(11483,NULL,'Sparrow, house','Schismatomma pluriloculare Zahlbr.',31,'2019-11-12 12:22:37',0,'0000-00-00 00:00:00',NULL),(11484,NULL,'Magnificent frigate bird','Schlotheimia lancifolia E.B. Bartram',31,'2019-11-12 12:22:37',0,'0000-00-00 00:00:00',NULL),(11485,NULL,'Common zebra','Lipochaeta micrantha (Nutt.) A. Gray',31,'2019-11-12 12:22:37',0,'0000-00-00 00:00:00',NULL),(11486,NULL,'Marten, american','Juncus mexicanus Willd. ex Schult. & Schult. f.',31,'2019-11-12 12:22:37',0,'0000-00-00 00:00:00',NULL),(11487,NULL,'Cat, long-tailed spotted','Viola ×wujekii H.E. Ballard',31,'2019-11-12 12:22:37',0,'0000-00-00 00:00:00',NULL),(11488,NULL,'Black rhinoceros','Ivesia baileyi S. Watson var. setosa S. Watson',31,'2019-11-12 12:22:37',0,'0000-00-00 00:00:00',NULL),(11489,NULL,'Wombat, southern hairy-nosed','Ranunculus flammula L.',31,'2019-11-12 12:22:37',0,'0000-00-00 00:00:00',NULL),(11490,NULL,'Yellow-necked spurfowl','Lepturus repens (G. Forst.) R. Br.',31,'2019-11-12 12:22:37',0,'0000-00-00 00:00:00',NULL),(11491,NULL,'Duiker, common','Canarium album (Lour.) Rausch.',31,'2019-11-12 12:22:37',0,'0000-00-00 00:00:00',NULL),(11492,NULL,'Chipmunk, least','Lasthenia leptalea (A. Gray) Ornduff',31,'2019-11-12 12:22:37',0,'0000-00-00 00:00:00',NULL),(11493,NULL,'Kongoni','Penstemon crandallii A. Nelson',31,'2019-11-12 12:22:37',0,'0000-00-00 00:00:00',NULL),(11494,NULL,'Bleu, blue-breasted cordon','Catillaria subviridis (Nyl.) Zahlbr.',31,'2019-11-12 12:22:37',0,'0000-00-00 00:00:00',NULL),(11495,NULL,'African bush squirrel','Eriogonum deserticola S. Watson',31,'2019-11-12 12:22:37',0,'0000-00-00 00:00:00',NULL),(11496,NULL,'African fish eagle','Lotus rubriflorus H. Sharsm.',31,'2019-11-12 12:22:37',0,'0000-00-00 00:00:00',NULL),(11497,NULL,'Palm squirrel','Juncus trifidus L.',31,'2019-11-12 12:22:37',0,'0000-00-00 00:00:00',NULL),(11498,NULL,'Cattle egret','Lepidium nitidum Nutt.',31,'2019-11-12 12:22:37',0,'0000-00-00 00:00:00',NULL),(11499,NULL,'Pheasant, ring-necked','Madhuca indica J.F. Gmel.',31,'2019-11-12 12:22:37',0,'0000-00-00 00:00:00',NULL),(11500,NULL,'Royal tern','Luzula kjellmaniana Miyabe & Kudo',31,'2019-11-12 12:22:37',0,'0000-00-00 00:00:00',NULL),(11501,NULL,'Weaver, chestnut','Carpinus L.',31,'2019-11-12 12:22:37',0,'0000-00-00 00:00:00',NULL),(11502,NULL,'Fox, silver-backed','Poa alsodes A. Gray',31,'2019-11-12 12:22:37',0,'0000-00-00 00:00:00',NULL),(11503,NULL,'Tiger snake','Malva sylvestris L.',31,'2019-11-12 12:22:37',0,'0000-00-00 00:00:00',NULL),(11504,NULL,'Kelp gull','Ribes sanguineum Pursh var. sanguineum',31,'2019-11-12 12:22:37',0,'0000-00-00 00:00:00',NULL),(11505,NULL,'Euro wallaby','Trifolium nanum Torr.',31,'2019-11-12 12:22:37',0,'0000-00-00 00:00:00',NULL),(11506,NULL,'Frogmouth, tawny','Nymphaea tetragona Georgi',31,'2019-11-12 12:22:37',0,'0000-00-00 00:00:00',NULL),(11507,NULL,'Pie, indian tree','Cochlidium jungens Bishop',31,'2019-11-12 12:22:37',0,'0000-00-00 00:00:00',NULL),(11508,NULL,'Marmot, hoary','Prenanthes serpentaria Pursh',31,'2019-11-12 12:22:37',0,'0000-00-00 00:00:00',NULL),(11509,NULL,'Ground legaan','Eriogonum vestitum J.T. Howell',31,'2019-11-12 12:22:37',0,'0000-00-00 00:00:00',NULL),(11510,NULL,'Little cormorant','Cordyla africana Lour.',31,'2019-11-12 12:22:37',0,'0000-00-00 00:00:00',NULL),(11511,NULL,'Devil, tasmanian','Archontophoenix alexandrae (F. Muell.) H. Wendl. & Drude',31,'2019-11-12 12:22:37',0,'0000-00-00 00:00:00',NULL),(11512,NULL,'Malachite kingfisher','Gilia malior Day & V.E. Grant',31,'2019-11-12 12:22:37',0,'0000-00-00 00:00:00',NULL),(11513,NULL,'Guerza','Halesia tetraptera Ellis',31,'2019-11-12 12:22:37',0,'0000-00-00 00:00:00',NULL),(11514,NULL,'Siskin, yellow-rumped','Scorpidium (Schimp.) Limpr.',31,'2019-11-12 12:22:38',0,'0000-00-00 00:00:00',NULL),(11515,NULL,'White-necked raven','Conicosia N.R. Br.',31,'2019-11-12 12:22:38',0,'0000-00-00 00:00:00',NULL),(11516,NULL,'Native cat','Gamochaeta sphacilata (Kunth) Cabrera',31,'2019-11-12 12:22:38',0,'0000-00-00 00:00:00',NULL),(11517,NULL,'Pie, rufous tree','Pelargonium odoratissimum (L.) L\'Hér. ex Aiton',31,'2019-11-12 12:22:38',0,'0000-00-00 00:00:00',NULL),(11518,NULL,'Savannah deer (unidentified)','Amsonia repens Shinners',31,'2019-11-12 12:22:38',0,'0000-00-00 00:00:00',NULL),(11519,NULL,'Shelduck, common','Delphinium parryi A. Gray ssp. maritimum (Davidson) Warnock',31,'2019-11-12 12:22:38',0,'0000-00-00 00:00:00',NULL),(11520,NULL,'Steenbuck','Schlotheimia Brid.',31,'2019-11-12 12:22:38',0,'0000-00-00 00:00:00',NULL),(11521,NULL,'Blue-tongued lizard','Euphorbia cyathophora Murray',31,'2019-11-12 12:22:38',0,'0000-00-00 00:00:00',NULL),(11522,NULL,'Genet, small-spotted','Solanum conocarpum Dunal',31,'2019-11-12 12:22:38',0,'0000-00-00 00:00:00',NULL),(11523,NULL,'Striped hyena','Verbesina L.',31,'2019-11-12 12:22:38',0,'0000-00-00 00:00:00',NULL),(11524,NULL,'Butterfly (unidentified)','Agrimonia eupatoria L.',31,'2019-11-12 12:22:38',0,'0000-00-00 00:00:00',NULL),(11525,NULL,'Common ringtail','Dermiscellum Hafellner, H. Mayrh. & Poelt',31,'2019-11-12 12:22:38',0,'0000-00-00 00:00:00',NULL),(11526,NULL,'Cormorant, flightless','Lecanora flowersiana H. Magn.',31,'2019-11-12 12:22:38',0,'0000-00-00 00:00:00',NULL),(11527,NULL,'African jacana','Weissia condensa (Voit) Lindb.',31,'2019-11-12 12:22:38',0,'0000-00-00 00:00:00',NULL),(11528,NULL,'Bustard, denham\'s','Lepanthes Sw.',31,'2019-11-12 12:22:38',0,'0000-00-00 00:00:00',NULL),(11529,NULL,'Whip-tailed wallaby','Oxalis intermedia A. Rich.',31,'2019-11-12 12:22:38',0,'0000-00-00 00:00:00',NULL),(11530,NULL,'Waxbill, blue','Arthonia glebosa Tuck.',31,'2019-11-12 12:22:38',0,'0000-00-00 00:00:00',NULL),(11531,NULL,'Praying mantis (unidentified)','Galium bolanderi A. Gray',31,'2019-11-12 12:22:38',0,'0000-00-00 00:00:00',NULL),(11532,NULL,'Verreaux\'s sifaka','Clypeococcum hypocenomycis D. Hawksw.',31,'2019-11-12 12:22:38',0,'0000-00-00 00:00:00',NULL),(11533,NULL,'Galapagos tortoise','Muhlenbergia fragilis Swallen',31,'2019-11-12 12:22:38',0,'0000-00-00 00:00:00',NULL),(11534,NULL,'Blue-breasted cordon bleu','Trifolium trichocalyx A. Heller',31,'2019-11-12 12:22:38',0,'0000-00-00 00:00:00',NULL),(11535,NULL,'Coke\'s hartebeest','Capparis baducca L.',31,'2019-11-12 12:22:38',0,'0000-00-00 00:00:00',NULL),(11536,NULL,'Emerald green tree boa','Satureja viminea L.',31,'2019-11-12 12:22:38',0,'0000-00-00 00:00:00',NULL),(11537,NULL,'Brush-tailed rat kangaroo','Triticum aestivum L.',31,'2019-11-12 12:22:38',0,'0000-00-00 00:00:00',NULL),(11538,NULL,'Loris, slender','Pennisetum advena Wipff & Veldkamp',31,'2019-11-12 12:22:38',0,'0000-00-00 00:00:00',NULL),(11539,NULL,'African lynx','Poa laxiflora Buckley',31,'2019-11-12 12:22:38',0,'0000-00-00 00:00:00',NULL),(11540,NULL,'Hyena, spotted','Pogonatum urnigerum (Hedw.) P. Beauv.',31,'2019-11-12 12:22:38',0,'0000-00-00 00:00:00',NULL),(11541,NULL,'Eagle, long-crested hawk','Neptunia Lour.',31,'2019-11-12 12:22:38',0,'0000-00-00 00:00:00',NULL),(11542,NULL,'Turkey, australian brush','Cyperus schweinitzii Torr.',31,'2019-11-12 12:22:38',0,'0000-00-00 00:00:00',NULL),(11543,NULL,'Finch, common melba','Grimmia teretinervis Limpr.',31,'2019-11-12 12:22:38',0,'0000-00-00 00:00:00',NULL),(11544,NULL,'Gemsbok','Hura crepitans L.',31,'2019-11-12 12:22:38',0,'0000-00-00 00:00:00',NULL),(11545,NULL,'Jaguar','Phascum hyalinotrichum Cardot & Thér.',31,'2019-11-12 12:22:38',0,'0000-00-00 00:00:00',NULL),(11546,NULL,'Goose, spur-winged','Calicium hyperelloides Nyl.',31,'2019-11-12 12:22:38',0,'0000-00-00 00:00:00',NULL),(11547,NULL,'Crane, sandhill','Tripogandra Raf.',31,'2019-11-12 12:22:38',0,'0000-00-00 00:00:00',NULL),(11548,NULL,'Eagle, bateleur','Piptochaetium avenacioides (Nash) Valencia & Costas',31,'2019-11-12 12:22:38',0,'0000-00-00 00:00:00',NULL),(11549,NULL,'Robin, kalahari scrub','Echinocactus Link & Otto',31,'2019-11-12 12:22:38',0,'0000-00-00 00:00:00',NULL),(11550,NULL,'Nighthawk, common','Penstemon leiophyllus Pennell var. keckii (Clokey) N.H. Holmgren',31,'2019-11-12 12:22:38',0,'0000-00-00 00:00:00',NULL),(11551,NULL,'Weaver, lesser masked','Krigia virginica (L.) Willd.',31,'2019-11-12 12:22:38',0,'0000-00-00 00:00:00',NULL),(11552,NULL,'Baboon, olive','Cerastium sordidum B.L. Rob.',31,'2019-11-12 12:22:38',0,'0000-00-00 00:00:00',NULL),(11553,NULL,'Colobus, white-mantled','Oligoneuron ×lutescens (Lindl. ex DC.) G.L. Nesom',31,'2019-11-12 12:22:38',0,'0000-00-00 00:00:00',NULL),(11554,NULL,'Urial','Cirsium parryi (A. Gray) Petr. ssp. parryi',31,'2019-11-12 12:22:38',0,'0000-00-00 00:00:00',NULL),(11555,NULL,'Greater roadrunner','Gamochaeta americana (Mill.) Weddell',31,'2019-11-12 12:22:38',0,'0000-00-00 00:00:00',NULL),(11556,NULL,'Cormorant, javanese','Phacelia pachyphylla A. Gray',31,'2019-11-12 12:22:38',0,'0000-00-00 00:00:00',NULL),(11557,NULL,'Cattle egret','Hypericum pseudomaculatum Bush',31,'2019-11-12 12:22:38',0,'0000-00-00 00:00:00',NULL),(11558,NULL,'Cockatoo, sulfur-crested','Schoenolirion albiflorum (Raf.) R.R. Gates',31,'2019-11-12 12:22:38',0,'0000-00-00 00:00:00',NULL),(11559,NULL,'Crow, american','Rosa ×dulcissima Lunell (pro sp.)',31,'2019-11-12 12:22:38',0,'0000-00-00 00:00:00',NULL),(11560,NULL,'Mexican beaded lizard','Howeia Becc.',31,'2019-11-12 12:22:38',0,'0000-00-00 00:00:00',NULL),(11561,NULL,'Deer, black-tailed','Coreopsis palmata Nutt.',31,'2019-11-12 12:22:38',0,'0000-00-00 00:00:00',NULL),(11562,NULL,'Tayra','Atriplex maximowicziana Makino',31,'2019-11-12 12:22:38',0,'0000-00-00 00:00:00',NULL),(11563,NULL,'Long-billed corella','Streptanthus glandulosus Hook. ssp. secundus (Greene) Kruckeb. var. hoffmanii Kruckeb.',31,'2019-11-12 12:22:38',0,'0000-00-00 00:00:00',NULL),(11564,NULL,'Vine snake (unidentified)','Eleocharis baldwinii (Torr.) Chapm.',31,'2019-11-12 12:22:38',0,'0000-00-00 00:00:00',NULL),(11565,NULL,'Fowl, helmeted guinea','Evolvulus alsinoides (L.) L. var. angustifolius Torr.',31,'2019-11-12 12:22:38',0,'0000-00-00 00:00:00',NULL),(11566,NULL,'Azara\'s zorro','Symphyotrichum pilosum (Willd.) G.L. Nesom var. pilosum',31,'2019-11-12 12:22:38',0,'0000-00-00 00:00:00',NULL),(11567,NULL,'Galapagos penguin','Sclerocactus parviflorus Clover & Jotter ssp. parviflorus',31,'2019-11-12 12:22:38',0,'0000-00-00 00:00:00',NULL),(11568,NULL,'Cormorant, pied','Ranunculus alismifolius Geyer ex Benth. var. davisii L.D. Benson',31,'2019-11-12 12:22:38',0,'0000-00-00 00:00:00',NULL),(11569,NULL,'Desert spiny lizard','Elatine americana (Pursh) Arn.',31,'2019-11-12 12:22:38',0,'0000-00-00 00:00:00',NULL),(11570,NULL,'Parrot, hawk-headed','Echinacea laevigata (C.L. Boynt. & Beadle) S.F. Blake',31,'2019-11-12 12:22:38',0,'0000-00-00 00:00:00',NULL),(11571,NULL,'Springhare','Thevetia peruviana (Pers.) K. Schum.',31,'2019-11-12 12:22:38',0,'0000-00-00 00:00:00',NULL),(11572,NULL,'Eastern white pelican','Eriogonum libertini Reveal',31,'2019-11-12 12:22:38',0,'0000-00-00 00:00:00',NULL),(11573,NULL,'Siskin, pine','Eriogonum tumulosum (Barneby) Reveal',31,'2019-11-12 12:22:38',0,'0000-00-00 00:00:00',NULL),(11574,NULL,'Cat, native','Eriogonum zionis J.T. Howell var. coccineum J.T. Howell',31,'2019-11-12 12:22:38',0,'0000-00-00 00:00:00',NULL),(11575,NULL,'Rattlesnake, dusky','Pediomelum digitatum (Nutt. ex Torr. & A. Gray) Isely',31,'2019-11-12 12:22:38',0,'0000-00-00 00:00:00',NULL),(11576,NULL,'Comb duck','Sorbus groenlandica (C.K. Schneid.) Á. Löve & D. Löve',31,'2019-11-12 12:22:38',0,'0000-00-00 00:00:00',NULL),(11577,NULL,'Tern, white-winged black','Mimulus filicaulis S. Watson',31,'2019-11-12 12:22:38',0,'0000-00-00 00:00:00',NULL),(11578,NULL,'Ring-tailed gecko','Saxifraga lyallii Engl. ssp. lyallii',31,'2019-11-12 12:22:38',0,'0000-00-00 00:00:00',NULL),(11579,NULL,'Mountain duck','Solidago sempervirens L.',31,'2019-11-12 12:22:38',0,'0000-00-00 00:00:00',NULL),(11580,NULL,'Yellow baboon','Sarcogyne kuleshanensis (Herre) ?, ined.?',31,'2019-11-12 12:22:38',0,'0000-00-00 00:00:00',NULL),(11581,NULL,'Turkey vulture','Aloysia gratissima (Gillies & Hook.) Troncoso',31,'2019-11-12 12:22:38',0,'0000-00-00 00:00:00',NULL),(11582,NULL,'Cliffchat, mocking','Veratrum hybridum (Walter) J.H. Zimmerman ex Zomlefer',31,'2019-11-12 12:22:38',0,'0000-00-00 00:00:00',NULL),(11583,NULL,'Chameleon (unidentified)','Astragalus humistratus A. Gray',31,'2019-11-12 12:22:38',0,'0000-00-00 00:00:00',NULL),(11584,NULL,'Bush dog','Arctostaphylos densiflora M.S. Baker',31,'2019-11-12 12:22:38',0,'0000-00-00 00:00:00',NULL),(11585,NULL,'Starling, superb','Calamagrostis holmii Lange',31,'2019-11-12 12:22:38',0,'0000-00-00 00:00:00',NULL),(11586,NULL,'Grey phalarope','Stellaria nitens Nutt.',31,'2019-11-12 12:22:38',0,'0000-00-00 00:00:00',NULL),(11587,NULL,'Crested barbet','Dichelyma pallescens Schimp.',31,'2019-11-12 12:22:38',0,'0000-00-00 00:00:00',NULL),(11588,NULL,'Deer, swamp','Pseudelephantopus Rohr',31,'2019-11-12 12:22:38',0,'0000-00-00 00:00:00',NULL),(11589,NULL,'Rock dove','Candelariella stenospora de Lesd.',31,'2019-11-12 12:22:38',0,'0000-00-00 00:00:00',NULL),(11590,NULL,'Grey heron','Selaginella oregana D.C. Eaton',31,'2019-11-12 12:22:38',0,'0000-00-00 00:00:00',NULL),(11591,NULL,'Eagle, crowned','Acaulon schimperianum (Sull.) Sull.',31,'2019-11-12 12:22:38',0,'0000-00-00 00:00:00',NULL),(11592,NULL,'Reedbuck, bohor','Stellaria longipes Goldie',31,'2019-11-12 12:22:38',0,'0000-00-00 00:00:00',NULL),(11593,NULL,'Mississippi alligator','Eutrochium purpureum (L.) E.E. Lamont var. carolinianum Sorrie',31,'2019-11-12 12:22:38',0,'0000-00-00 00:00:00',NULL),(11594,NULL,'Caracara (unidentified)','Dalea multiflora (Nutt.) Shinners',31,'2019-11-12 12:22:38',0,'0000-00-00 00:00:00',NULL),(11595,NULL,'Ring-tailed lemur','Carex stipata Muhl. ex Willd.',31,'2019-11-12 12:22:38',0,'0000-00-00 00:00:00',NULL),(11596,NULL,'Plains zebra','Leptosiphon Benth.',31,'2019-11-12 12:22:38',0,'0000-00-00 00:00:00',NULL),(11597,NULL,'Flycatcher, tyrant','Helminthocarpon Fée',31,'2019-11-12 12:22:38',0,'0000-00-00 00:00:00',NULL),(11598,NULL,'Dromedary camel','Sicyos glaber Wooton',31,'2019-11-12 12:22:38',0,'0000-00-00 00:00:00',NULL),(11599,NULL,'Monkey, vervet','Sclerolinon C.M. Rogers',31,'2019-11-12 12:22:38',0,'0000-00-00 00:00:00',NULL),(11600,NULL,'White-rumped vulture','Pertusaria consocians Dibben',31,'2019-11-12 12:22:38',0,'0000-00-00 00:00:00',NULL),(11601,NULL,'Southern lapwing','Lobelia gaudichaudii A. DC. ssp. koolauensis (Hosaka & Fosberg) Lammers',31,'2019-11-12 12:22:38',0,'0000-00-00 00:00:00',NULL),(11602,NULL,'Savanna baboon','Polygala verticillata L. var. verticillata',31,'2019-11-12 12:22:38',0,'0000-00-00 00:00:00',NULL),(11603,NULL,'Cottonmouth','Trifolium semipilosum Fresen.',31,'2019-11-12 12:22:38',0,'0000-00-00 00:00:00',NULL),(11604,NULL,'Red-headed woodpecker','Liatris punctata Hook.',31,'2019-11-12 12:22:38',0,'0000-00-00 00:00:00',NULL),(11605,NULL,'Sloth, two-toed tree','Lupinus constancei T.W. Nelson & J.P. Nelson',31,'2019-11-12 12:22:38',0,'0000-00-00 00:00:00',NULL),(11606,NULL,'Squirrel glider','Voyria Aubl.',31,'2019-11-12 12:22:38',0,'0000-00-00 00:00:00',NULL),(11607,NULL,'Armadillo, common long-nosed','Leptodictyum humile (P. Beauv.) Ochyra',31,'2019-11-12 12:22:38',0,'0000-00-00 00:00:00',NULL),(11608,NULL,'Openbill, asian','Adenophorus periens Bishop',31,'2019-11-12 12:22:38',0,'0000-00-00 00:00:00',NULL),(11609,NULL,'White-throated kingfisher','Crepis modocensis Greene',31,'2019-11-12 12:22:38',0,'0000-00-00 00:00:00',NULL),(11610,NULL,'Skunk, western spotted','Acarospora tongleti Hue',31,'2019-11-12 12:22:38',0,'0000-00-00 00:00:00',NULL),(11611,NULL,'African bush squirrel','Monardella cinerea Abrams',31,'2019-11-12 12:22:38',0,'0000-00-00 00:00:00',NULL),(11612,NULL,'Little blue penguin','Amorpha herbacea Walter var. crenulata (Rydb.) Isely',31,'2019-11-12 12:22:38',0,'0000-00-00 00:00:00',NULL),(11613,NULL,'Lion, galapagos sea','Artocarpus odoratissimus Blanco',31,'2019-11-12 12:22:38',0,'0000-00-00 00:00:00',NULL),(11614,NULL,'Bleeding heart monkey','Carex tenuiflora Wahlenb.',31,'2019-11-12 12:22:38',0,'0000-00-00 00:00:00',NULL),(11615,NULL,'Musk ox','Alchornea Sw.',31,'2019-11-12 12:22:38',0,'0000-00-00 00:00:00',NULL),(11616,NULL,'Hoopoe, eurasian','Averrhoa carambola L.',31,'2019-11-12 12:22:38',0,'0000-00-00 00:00:00',NULL),(11617,NULL,'European beaver','Linaria supina (L.) Chaz.',31,'2019-11-12 12:22:38',0,'0000-00-00 00:00:00',NULL),(11618,NULL,'Kirk\'s dik dik','Vaccinium corymbosum L.',31,'2019-11-12 12:22:38',0,'0000-00-00 00:00:00',NULL),(11619,NULL,'Eurasian hoopoe','Priva portoricensis Urb.',31,'2019-11-12 12:22:38',0,'0000-00-00 00:00:00',NULL),(11620,NULL,'Common wallaroo','Phytolacca icosandra L.',31,'2019-11-12 12:22:38',0,'0000-00-00 00:00:00',NULL),(11621,NULL,'Wallaby, dama','Lobelia hillebrandii Rock',31,'2019-11-12 12:22:38',0,'0000-00-00 00:00:00',NULL),(11622,NULL,'Vervet monkey','Bryoria spiralifera Brodo & D. Hawksw.',31,'2019-11-12 12:22:38',0,'0000-00-00 00:00:00',NULL),(11623,NULL,'Mongoose, yellow','Viola ×mulfordiae Pollard (pro sp.)',31,'2019-11-12 12:22:38',0,'0000-00-00 00:00:00',NULL),(11624,NULL,'Common boubou shrike','Leptosiphon harknessii (Curran) J.M. Porter & L.A. Johnson',31,'2019-11-12 12:22:38',0,'0000-00-00 00:00:00',NULL),(11625,NULL,'African elephant','Commelina rufipes Seubert',31,'2019-11-12 12:22:38',0,'0000-00-00 00:00:00',NULL),(11626,NULL,'Golden-mantled ground squirrel','Micarea prasina Fr.',31,'2019-11-12 12:22:38',0,'0000-00-00 00:00:00',NULL),(11627,NULL,'Sifaka, verreaux\'s','Ranunculus inamoenus Greene var. subaffinis (A. Gray) L.D. Benson',31,'2019-11-12 12:22:38',0,'0000-00-00 00:00:00',NULL),(11628,NULL,'Malagasy ground boa','Atriplex canescens (Pursh) Nutt. var. gigantea S.L. Welsh & Stutz',31,'2019-11-12 12:22:38',0,'0000-00-00 00:00:00',NULL),(11629,NULL,'Porcupine, tree','Rinodina arctica H. Magn.',31,'2019-11-12 12:22:38',0,'0000-00-00 00:00:00',NULL),(11630,NULL,'Common pheasant','Stachys ocymastrum (L.) Briq.',31,'2019-11-12 12:22:38',0,'0000-00-00 00:00:00',NULL),(11631,NULL,'Gazer, sun','Hedeoma costata A. Gray var. pulchella (Greene) Irving',31,'2019-11-12 12:22:38',0,'0000-00-00 00:00:00',NULL),(11632,NULL,'Wallaby, river','Capparis tomentosa Lam.',31,'2019-11-12 12:22:38',0,'0000-00-00 00:00:00',NULL),(11633,NULL,'Cape clawless otter','Athysanus pusillus (Hook.) Greene',31,'2019-11-12 12:22:38',0,'0000-00-00 00:00:00',NULL),(11634,NULL,'Racer, blue','Symphyotrichum fendleri (A. Gray) G.L. Nesom',31,'2019-11-12 12:22:38',0,'0000-00-00 00:00:00',NULL),(11635,NULL,'Frog (unidentified)','Euphorbia helleri Millsp.',31,'2019-11-12 12:22:38',0,'0000-00-00 00:00:00',NULL),(11636,NULL,'Roan antelope','Rhamnus crocea Nutt. ssp. crocea',31,'2019-11-12 12:22:38',0,'0000-00-00 00:00:00',NULL),(11637,NULL,'Jaguarundi','Parkia bicolor A. Chev.',31,'2019-11-12 12:22:38',0,'0000-00-00 00:00:00',NULL),(11638,NULL,'Nyala','Cyrtandra munroi Forbes',31,'2019-11-12 12:22:38',0,'0000-00-00 00:00:00',NULL),(11639,NULL,'Tern, royal','Potamogeton groenlandicus Hagstr.',31,'2019-11-12 12:22:38',0,'0000-00-00 00:00:00',NULL),(11640,NULL,'Mountain goat','Humulus lupulus L.',31,'2019-11-12 12:22:38',0,'0000-00-00 00:00:00',NULL),(11641,NULL,'Creeper, black-tailed tree','Rubus arizonensis Focke',31,'2019-11-12 12:22:38',0,'0000-00-00 00:00:00',NULL),(11642,NULL,'Wild boar','Fragaria chiloensis (L.) Mill.',31,'2019-11-12 12:22:38',0,'0000-00-00 00:00:00',NULL),(11643,NULL,'Chital','Campylopus tallulensis Sull. & Lesq.',31,'2019-11-12 12:22:38',0,'0000-00-00 00:00:00',NULL),(11644,NULL,'Cardinal, red-capped','Themeda quadrivalvis (L.) Kuntze var. helferi (Munro ex Hack.) Bor',31,'2019-11-12 12:22:38',0,'0000-00-00 00:00:00',NULL),(11645,NULL,'American bighorn sheep','Salix monticola Bebb',31,'2019-11-12 12:22:38',0,'0000-00-00 00:00:00',NULL),(11646,NULL,'Rhinoceros, black','Acacia parvipinnula Tindale',31,'2019-11-12 12:22:38',0,'0000-00-00 00:00:00',NULL),(11647,NULL,'Spotted hyena','Dimorphotheca sinuata DC.',31,'2019-11-12 12:22:38',0,'0000-00-00 00:00:00',NULL),(11648,NULL,'Clark\'s nutcracker','Chamaesyce platysperma (Engelm. ex S. Watson) Shinners',31,'2019-11-12 12:22:38',0,'0000-00-00 00:00:00',NULL),(11649,NULL,'Squirrel, golden-mantled ground','Lomatium geyeri (S. Watson) J.M. Coult. & Rose',31,'2019-11-12 12:22:38',0,'0000-00-00 00:00:00',NULL),(11650,NULL,'Red lava crab','Lobelia yuccoides Hillebr.',31,'2019-11-12 12:22:38',0,'0000-00-00 00:00:00',NULL),(11651,NULL,'Rufous-collared sparrow','Syrrhopodon ligulatus Mont.',31,'2019-11-12 12:22:38',0,'0000-00-00 00:00:00',NULL),(11652,NULL,'Eagle, crowned','Hieracium umbellatum L.',31,'2019-11-12 12:22:38',0,'0000-00-00 00:00:00',NULL),(11653,NULL,'House sparrow','Phacelia cronquistiana S.L. Welsh',31,'2019-11-12 12:22:38',0,'0000-00-00 00:00:00',NULL),(11654,NULL,'Giant girdled lizard','Robinia viscosa Vent. var. viscosa',31,'2019-11-12 12:22:38',0,'0000-00-00 00:00:00',NULL),(11655,NULL,'Sarus crane','Arabis furcata S. Watson',31,'2019-11-12 12:22:38',0,'0000-00-00 00:00:00',NULL),(11656,NULL,'Asian lion','Physconia perisidiosa (Erichsen) Moberg',31,'2019-11-12 12:22:38',0,'0000-00-00 00:00:00',NULL),(11657,NULL,'Killer whale','Vallesia antillana Woodson',31,'2019-11-12 12:22:38',0,'0000-00-00 00:00:00',NULL),(11658,NULL,'Polar bear','Johanneshowellia puberula (S. Watson) Reveal',31,'2019-11-12 12:22:38',0,'0000-00-00 00:00:00',NULL),(11659,NULL,'Turtle (unidentified)','Lyonia ligustrina (L.) DC.',31,'2019-11-12 12:22:38',0,'0000-00-00 00:00:00',NULL),(11660,NULL,'Tenrec, tailless','Fleischmannia incarnata (Walter) R.M. King & H. Rob.',31,'2019-11-12 12:22:38',0,'0000-00-00 00:00:00',NULL),(11661,NULL,'Armadillo, giant','Carex microchaeta T. Holm ssp. nesophila (T. Holm) A.E. Murray',31,'2019-11-12 12:22:38',0,'0000-00-00 00:00:00',NULL),(11662,NULL,'Native cat','Brachythecium bolanderi (Lesq.) A. Jaeger',31,'2019-11-12 12:22:39',0,'0000-00-00 00:00:00',NULL),(11663,NULL,'Land iguana','Cochlospermum Kunth',31,'2019-11-12 12:22:39',0,'0000-00-00 00:00:00',NULL),(11664,NULL,'Antelope ground squirrel','Chromatochlamys muscorum (Fr.) H. Mayrh. & Poelt',31,'2019-11-12 12:22:39',0,'0000-00-00 00:00:00',NULL),(11665,NULL,'Seal, northern fur','Epilobium septentrionale (D.D. Keck) R.N. Bowman & Hoch',31,'2019-11-12 12:22:39',0,'0000-00-00 00:00:00',NULL),(11666,NULL,'Blue-faced booby','Lecidea mammillana Tuck.',31,'2019-11-12 12:22:39',0,'0000-00-00 00:00:00',NULL),(11667,NULL,'Spur-winged goose','Flueggea Willd.',31,'2019-11-12 12:22:39',0,'0000-00-00 00:00:00',NULL),(11668,NULL,'Bat, madagascar fruit','Trichilia roka (Forssk.) Chiov.',31,'2019-11-12 12:22:39',0,'0000-00-00 00:00:00',NULL),(11669,NULL,'Cat, cape wild','Placopsis gelida (L.) Lindsay',31,'2019-11-12 12:22:39',0,'0000-00-00 00:00:00',NULL),(11670,NULL,'Weaver, lesser masked','Claytonia flava A. Nelson',31,'2019-11-12 12:22:39',0,'0000-00-00 00:00:00',NULL),(11671,NULL,'Tortoise, burmese brown mountain','Aristolochia macrophylla Lam.',31,'2019-11-12 12:22:39',0,'0000-00-00 00:00:00',NULL),(11672,NULL,'Barbet, black-collared','Bidens molokaiensis (Hillebr.) Sherff',31,'2019-11-12 12:22:39',0,'0000-00-00 00:00:00',NULL),(11673,NULL,'Miner\'s cat','Endocarpon Hedwig',31,'2019-11-12 12:22:39',0,'0000-00-00 00:00:00',NULL),(11674,NULL,'Blue catfish','Hackelia pinetorum (Greene ex A. Gray) I.M. Johnst. var. jonesii J.L. Gentry',31,'2019-11-12 12:22:39',0,'0000-00-00 00:00:00',NULL),(11675,NULL,'Genet, common','Shibataea kumasaca (Zoll. ex Steud.) Makino',31,'2019-11-12 12:22:39',0,'0000-00-00 00:00:00',NULL),(11676,NULL,'Roseate cockatoo','Helianthus ×brevifolius E.E. Watson (pro sp.)',31,'2019-11-12 12:22:39',0,'0000-00-00 00:00:00',NULL),(11677,NULL,'Echidna, short-beaked','Iris hartwegii Baker ssp. columbiana Lenz',31,'2019-11-12 12:22:39',0,'0000-00-00 00:00:00',NULL),(11678,NULL,'Ibex','Lomatium foeniculaceum (Nutt.) J.M. Coult. & Rose',31,'2019-11-12 12:22:39',0,'0000-00-00 00:00:00',NULL),(11679,NULL,'Kori bustard','Toona ciliata Roem.',31,'2019-11-12 12:22:39',0,'0000-00-00 00:00:00',NULL),(11680,NULL,'Serval','Linospadix H. Wendl.',31,'2019-11-12 12:22:39',0,'0000-00-00 00:00:00',NULL),(11681,NULL,'Red-knobbed coot','Aleurites J.R. Forst. & G. Forst.',31,'2019-11-12 12:22:39',0,'0000-00-00 00:00:00',NULL),(11682,NULL,'Steenbuck','Cyperus retrorsus Chapm.',31,'2019-11-12 12:22:39',0,'0000-00-00 00:00:00',NULL),(11683,NULL,'Booby, blue-footed','Chasmanthium ornithorhynchum (Steud.) Yates',31,'2019-11-12 12:22:39',0,'0000-00-00 00:00:00',NULL),(11684,NULL,'Tamandua, southern','Erigeron bigelovii A. Gray',31,'2019-11-12 12:22:39',0,'0000-00-00 00:00:00',NULL),(11685,NULL,'Common wombat','Eupatorium serotinum Michx.',31,'2019-11-12 12:22:39',0,'0000-00-00 00:00:00',NULL),(11686,NULL,'Deer, mule','Platygyrium repens (Brid.) Schimp.',31,'2019-11-12 12:22:39',0,'0000-00-00 00:00:00',NULL),(11687,NULL,'Goose, cereopsis','Lecidella carpathica Körb.',31,'2019-11-12 12:22:39',0,'0000-00-00 00:00:00',NULL),(11688,NULL,'Platypus','Centaurium glanduliferum (Correll) B.L. Turner',31,'2019-11-12 12:22:39',0,'0000-00-00 00:00:00',NULL),(11689,NULL,'Eleven-banded armadillo (unidentified)','Crassula longipes (Rose) Bywater & Wickens',31,'2019-11-12 12:22:39',0,'0000-00-00 00:00:00',NULL),(11690,NULL,'Downy woodpecker','Ilex sandwicensis (Endl.) Loes.',31,'2019-11-12 12:22:39',0,'0000-00-00 00:00:00',NULL),(11691,NULL,'Black bear','Stereocaulon depreaultii Delise ex Nyl.',31,'2019-11-12 12:22:39',0,'0000-00-00 00:00:00',NULL),(11692,NULL,'American Virginia opossum','Encelia actonii Elmer',31,'2019-11-12 12:22:39',0,'0000-00-00 00:00:00',NULL),(11693,NULL,'Sportive lemur','Mentzelia multicaulis (Osterh.) A. Nelson ex J. Darl.',31,'2019-11-12 12:22:39',0,'0000-00-00 00:00:00',NULL),(11694,NULL,'Ferret, black-footed','Arceuthobium tsugense (Rosend.) G.N. Jones',31,'2019-11-12 12:22:39',0,'0000-00-00 00:00:00',NULL),(11695,NULL,'Barbet, levaillant\'s','Excoecaria agallocha L.',31,'2019-11-12 12:22:39',0,'0000-00-00 00:00:00',NULL),(11696,NULL,'Lily trotter','Lotus aboriginus Jeps.',31,'2019-11-12 12:22:39',0,'0000-00-00 00:00:00',NULL),(11697,NULL,'Brown pelican','Mimulus gracilipes B.L. Rob.',31,'2019-11-12 12:22:39',0,'0000-00-00 00:00:00',NULL),(11698,NULL,'Buffalo, asian water','Sclerocactus brevispinus K.D. Heil & J.M. Porter',31,'2019-11-12 12:22:39',0,'0000-00-00 00:00:00',NULL),(11699,NULL,'Bush dog','Colubrina californica I.M. Johnst.',31,'2019-11-12 12:22:39',0,'0000-00-00 00:00:00',NULL),(11700,NULL,'Painted stork','Oxytropis campestris (L.) DC. var. johannensis Fernald',31,'2019-11-12 12:22:39',0,'0000-00-00 00:00:00',NULL),(11701,NULL,'Crab (unidentified)','Cyanea purpurellifolia (Rock) Lammers, Givnish & Systma',31,'2019-11-12 12:22:39',0,'0000-00-00 00:00:00',NULL),(11702,NULL,'Hornbill, yellow-billed','Crataegus pratensis Sarg.',31,'2019-11-12 12:22:39',0,'0000-00-00 00:00:00',NULL),(11703,NULL,'Galapagos sea lion','Ormosia Jacks.',31,'2019-11-12 12:22:39',0,'0000-00-00 00:00:00',NULL),(11704,NULL,'Black and white colobus','Malus baccata (L.) Borkh. var. himalaica (Maxim.) C.K. Schneid.',31,'2019-11-12 12:22:39',0,'0000-00-00 00:00:00',NULL),(11705,NULL,'Civet (unidentified)','Eriogonum ochrocephalum S. Watson var. ochrocephalum',31,'2019-11-12 12:22:39',0,'0000-00-00 00:00:00',NULL),(11706,NULL,'Goose, andean','Aspicilia desertorum (Krempelh.) Mereschk.',31,'2019-11-12 12:22:39',0,'0000-00-00 00:00:00',NULL),(11707,NULL,'Brown capuchin','Cryptantha hooveri I.M. Johnst.',31,'2019-11-12 12:22:39',0,'0000-00-00 00:00:00',NULL),(11708,NULL,'Coqui partridge','Cordylanthus tenuis A. Gray ssp. pallescens (Pennell) T.I. Chuang & Heckard',31,'2019-11-12 12:22:39',0,'0000-00-00 00:00:00',NULL),(11709,NULL,'European beaver','Ramalina evernioides Nyl.',31,'2019-11-12 12:22:39',0,'0000-00-00 00:00:00',NULL),(11710,NULL,'Deer, mule','Chamaecytisus supinus (L.) Link',31,'2019-11-12 12:22:39',0,'0000-00-00 00:00:00',NULL),(11711,NULL,'Glider, squirrel','Lotus rigidus (Benth.) Greene',31,'2019-11-12 12:22:39',0,'0000-00-00 00:00:00',NULL),(11712,NULL,'Stork, white','Erythroxylum urbanii O.E. Schulz',31,'2019-11-12 12:22:39',0,'0000-00-00 00:00:00',NULL),(11713,NULL,'Toucan, red-billed','Oxytropis campestris (L.) DC. var. chartacea (Fassett) Barneby',31,'2019-11-12 12:22:39',0,'0000-00-00 00:00:00',NULL),(11714,NULL,'Snake, carpet','Callistemon rigidus R. Br.',31,'2019-11-12 12:22:39',0,'0000-00-00 00:00:00',NULL),(11715,NULL,'Finch, common melba','Bigelowia nudata (Michx.) DC. ssp. australis L.C. Anderson',31,'2019-11-12 12:22:39',0,'0000-00-00 00:00:00',NULL),(11716,NULL,'Zebra, plains','Canavalia hawaiiensis O. Deg., I. Deg. & Sauer',31,'2019-11-12 12:22:39',0,'0000-00-00 00:00:00',NULL),(11717,NULL,'Goose, knob-nosed','Eupatorium pilosum Walter',31,'2019-11-12 12:22:39',0,'0000-00-00 00:00:00',NULL),(11718,NULL,'Peacock, indian','Viola labradorica Schrank',31,'2019-11-12 12:22:39',0,'0000-00-00 00:00:00',NULL),(11719,NULL,'Asian foreset tortoise','Fayodia striatula (Kuhner) Singer',31,'2019-11-12 12:22:39',0,'0000-00-00 00:00:00',NULL),(11720,NULL,'Iguana, marine','Tanacetum coccineum (Willd.) Grierson',31,'2019-11-12 12:22:39',0,'0000-00-00 00:00:00',NULL),(11721,NULL,'Short-beaked echidna','Sphagnum cuspidatum Ehrh. ex Hoffm.',31,'2019-11-12 12:22:39',0,'0000-00-00 00:00:00',NULL),(11722,NULL,'Peregrine falcon','Xanthosoma sagittifolium (L.) Schott',31,'2019-11-12 12:22:39',0,'0000-00-00 00:00:00',NULL),(11723,NULL,'Black-faced kangaroo','Spermolepis inermis (Nutt. ex DC.) Mathias & Constance',31,'2019-11-12 12:22:39',0,'0000-00-00 00:00:00',NULL),(11724,NULL,'Caracara (unidentified)','Enteropogon prieurii (Kunth) W.D. Clayton',31,'2019-11-12 12:22:39',0,'0000-00-00 00:00:00',NULL),(11725,NULL,'Woodcock, american','Ruellia caroliniensis (J.F. Gmel.) Steud. ssp. caroliniensis',31,'2019-11-12 12:22:39',0,'0000-00-00 00:00:00',NULL),(11726,NULL,'White-eye, pale','Saba (Pichon) Pichon',31,'2019-11-12 12:22:39',0,'0000-00-00 00:00:00',NULL),(11727,NULL,'North American beaver','Stephanomeria thurberi A. Gray',31,'2019-11-12 12:22:39',0,'0000-00-00 00:00:00',NULL),(11728,NULL,'Waxbill, blue','Trifolium ligusticum Balb. ex Loisel.',31,'2019-11-12 12:22:39',0,'0000-00-00 00:00:00',NULL),(11729,NULL,'Goldeneye, common','Dichondra J.R. Forst. & G. Forst.',31,'2019-11-12 12:22:39',0,'0000-00-00 00:00:00',NULL),(11730,NULL,'Grey heron','Geranium maderense Yeo',31,'2019-11-12 12:22:39',0,'0000-00-00 00:00:00',NULL),(11731,NULL,'Hawk, galapagos','Rudbeckia fulgida Aiton var. umbrosa (C.L. Boynt. & Beadle) Cronquist',31,'2019-11-12 12:22:39',0,'0000-00-00 00:00:00',NULL),(11732,NULL,'Large-eared bushbaby','Urochloa ramosa (L.) Nguyen',31,'2019-11-12 12:22:39',0,'0000-00-00 00:00:00',NULL),(11733,NULL,'Porcupine, indian','Calamus caesius Blume',31,'2019-11-12 12:22:39',0,'0000-00-00 00:00:00',NULL),(11734,NULL,'Black-tailed prairie dog','Mentzelia oligosperma Nutt. ex Sims',31,'2019-11-12 12:22:39',0,'0000-00-00 00:00:00',NULL),(11735,NULL,'Hen, sage','Acarospora obnubila H. Magn.',31,'2019-11-12 12:22:39',0,'0000-00-00 00:00:00',NULL),(11736,NULL,'Blacksmith plover','Peperomia latifolia Miq.',31,'2019-11-12 12:22:39',0,'0000-00-00 00:00:00',NULL),(11737,NULL,'Red-winged blackbird','Lecidea lapicida (Ach.) Ach.',31,'2019-11-12 12:22:39',0,'0000-00-00 00:00:00',NULL),(11738,NULL,'Margay','Arctostaphylos wellsii Knight',31,'2019-11-12 12:22:39',0,'0000-00-00 00:00:00',NULL),(11739,NULL,'Thrasher, curve-billed','Glycine Willd.',31,'2019-11-12 12:22:39',0,'0000-00-00 00:00:00',NULL),(11740,NULL,'African snake (unidentified)','Artemisia arbuscula Nutt. ssp. thermopola Beetle',31,'2019-11-12 12:22:39',0,'0000-00-00 00:00:00',NULL),(11741,NULL,'Booby, blue-footed','Carex grayi × intumescens [unnamed hybrid]',31,'2019-11-12 12:22:39',0,'0000-00-00 00:00:00',NULL),(11742,NULL,'Ant (unidentified)','Cyanea pilosa A. Gray',31,'2019-11-12 12:22:39',0,'0000-00-00 00:00:00',NULL),(11743,NULL,'Burmese black mountain tortoise','Melaspilea maculosa (Fr.) Müll. Arg.',31,'2019-11-12 12:22:39',0,'0000-00-00 00:00:00',NULL),(11744,NULL,'Capuchin, white-fronted','Cryptantha simulans Greene',31,'2019-11-12 12:22:39',0,'0000-00-00 00:00:00',NULL),(11745,NULL,'Cardinal, red-capped','Cladonia farinacea (Vain.) A. Evans',31,'2019-11-12 12:22:39',0,'0000-00-00 00:00:00',NULL),(11746,NULL,'Mouflon','Epidendrum acunae Dressler',31,'2019-11-12 12:22:39',0,'0000-00-00 00:00:00',NULL),(11747,NULL,'Goose, canada','Puccinellia andersonii Swallen',31,'2019-11-12 12:22:39',0,'0000-00-00 00:00:00',NULL),(11748,NULL,'Otter, giant','Acaena novae-zelandiae Kirk',31,'2019-11-12 12:22:39',0,'0000-00-00 00:00:00',NULL),(11749,NULL,'Black and white colobus','Monochoria C. Presl',31,'2019-11-12 12:22:39',0,'0000-00-00 00:00:00',NULL),(11750,NULL,'Asian openbill','Dicranella grevilleana (Brid.) Schimp.',31,'2019-11-12 12:22:39',0,'0000-00-00 00:00:00',NULL),(11751,NULL,'Great horned owl','Pyrenopsis viridirufa Tuck.',31,'2019-11-12 12:22:39',0,'0000-00-00 00:00:00',NULL),(11752,NULL,'Red deer','Philonotis fontana (Hedw.) Brid. var. pumila (Turner) Brid.',31,'2019-11-12 12:22:39',0,'0000-00-00 00:00:00',NULL),(11753,NULL,'Thomson\'s gazelle','Phaeophyscia Moberg',31,'2019-11-12 12:22:39',0,'0000-00-00 00:00:00',NULL),(11754,NULL,'Mountain duck','Krigia montana (Michx.) Nutt.',31,'2019-11-12 12:22:39',0,'0000-00-00 00:00:00',NULL),(11755,NULL,'Great cormorant','Phlox ×procumbens Lehm. (pro sp.)',31,'2019-11-12 12:22:39',0,'0000-00-00 00:00:00',NULL),(11756,NULL,'Tortoise, radiated','Reseda odorata L.',31,'2019-11-12 12:22:39',0,'0000-00-00 00:00:00',NULL),(11757,NULL,'Four-horned antelope','Clematis baldwinii Torr. & A. Gray var. baldwinii',31,'2019-11-12 12:22:39',0,'0000-00-00 00:00:00',NULL),(11758,NULL,'Bear, polar','Phlox stansburyi (Torr.) A. Heller ssp. stansburyi',31,'2019-11-12 12:22:39',0,'0000-00-00 00:00:00',NULL),(11759,NULL,'Old world fruit bat (unidentified)','Hoya carnosa (L. f.) R. Br.',31,'2019-11-12 12:22:39',0,'0000-00-00 00:00:00',NULL),(11760,NULL,'Downy woodpecker','Polygala leptostachys Shuttlw. ex A. Gray',31,'2019-11-12 12:22:39',0,'0000-00-00 00:00:00',NULL),(11761,NULL,'Bison, american','Pediomelum humile Rydb.',31,'2019-11-12 12:22:39',0,'0000-00-00 00:00:00',NULL),(11762,NULL,'Gull, southern black-backed','Draba lemmonii S. Watson var. cyclomorpha (Payson) O.E. Schulz',31,'2019-11-12 12:22:39',0,'0000-00-00 00:00:00',NULL),(11763,NULL,'Lory, rainbow','Bidens bigelovii A. Gray var. bigelovii',31,'2019-11-12 12:22:39',0,'0000-00-00 00:00:00',NULL),(11764,NULL,'Ass, asiatic wild','Oxytropis huddelsonii A.E. Porsild',31,'2019-11-12 12:22:39',0,'0000-00-00 00:00:00',NULL),(11765,NULL,'Phalarope, red','Masonhalea richardsonii (Hook.) Karnefelt',31,'2019-11-12 12:22:39',0,'0000-00-00 00:00:00',NULL),(11766,NULL,'Lechwe, kafue flats','Iris hartwegii Baker ssp. pinetorum (Eastw.) Lenz',31,'2019-11-12 12:22:39',0,'0000-00-00 00:00:00',NULL),(11767,NULL,'Bulbul, african red-eyed','Erigeron cervinus Greene',31,'2019-11-12 12:22:39',0,'0000-00-00 00:00:00',NULL),(11768,NULL,'Gull, silver','Ornithogalum caudatum Aiton',31,'2019-11-12 12:22:39',0,'0000-00-00 00:00:00',NULL),(11769,NULL,'Cockatoo, red-tailed','Archidium tenerrimum Mitt.',31,'2019-11-12 12:22:39',0,'0000-00-00 00:00:00',NULL),(11770,NULL,'Grey mouse lemur','Szczawinskia tsugae Funk',31,'2019-11-12 12:22:39',0,'0000-00-00 00:00:00',NULL),(11771,NULL,'White-eye, cape','Polytrias Hack.',31,'2019-11-12 12:22:39',0,'0000-00-00 00:00:00',NULL),(11772,NULL,'Duck, comb','Palustriella decipiens (De Not.) Ochyra',31,'2019-11-12 12:22:39',0,'0000-00-00 00:00:00',NULL),(11773,NULL,'Plains zebra','Pteralyxia kauaiensis Caum',31,'2019-11-12 12:22:39',0,'0000-00-00 00:00:00',NULL),(11774,NULL,'Pelican, great white','Ochrosia compta K. Schum.',31,'2019-11-12 12:22:39',0,'0000-00-00 00:00:00',NULL),(11775,NULL,'Paca','Prockia P. Br. ex L.',31,'2019-11-12 12:22:39',0,'0000-00-00 00:00:00',NULL),(11776,NULL,'Banded mongoose','Acalypha arvensis Poepp.',31,'2019-11-12 12:22:39',0,'0000-00-00 00:00:00',NULL),(11777,NULL,'Pocket gopher (unidentified)','Digera Forssk.',31,'2019-11-12 12:22:39',0,'0000-00-00 00:00:00',NULL),(11778,NULL,'Swan, black','Lupinus arbustus Douglas ex Lindl. ssp. neolaxiflorus D. Dunn',31,'2019-11-12 12:22:39',0,'0000-00-00 00:00:00',NULL),(11779,NULL,'Klipspringer','Seligeria subimmersa Lindb.',31,'2019-11-12 12:22:39',0,'0000-00-00 00:00:00',NULL),(11780,NULL,'Grenadier, purple','Mentzelia obscura H.J. Thomp. & Roberts',31,'2019-11-12 12:22:39',0,'0000-00-00 00:00:00',NULL),(11781,NULL,'Crane, black-crowned','Baeckea frutescens L.',31,'2019-11-12 12:22:39',0,'0000-00-00 00:00:00',NULL),(11782,NULL,'Neotropic cormorant','Castilleja plagiotoma A. Gray',31,'2019-11-12 12:22:39',0,'0000-00-00 00:00:00',NULL),(11783,NULL,'Goose, cereopsis','Hibiscus waimeae A. Heller ssp. hannerae (O. Deg. & I. Deg.) D.M. Bates',31,'2019-11-12 12:22:39',0,'0000-00-00 00:00:00',NULL),(11784,NULL,'African snake (unidentified)','Quercus austrina Small',31,'2019-11-12 12:22:39',0,'0000-00-00 00:00:00',NULL),(11785,NULL,'Legaan, ground','Rhynchospora tenuis Link',31,'2019-11-12 12:22:39',0,'0000-00-00 00:00:00',NULL),(11786,NULL,'Nine-banded armadillo','Paraleucobryum longifolium (Hedw.) Loeske',31,'2019-11-12 12:22:39',0,'0000-00-00 00:00:00',NULL),(11787,NULL,'Woodcock, american','Zingiber Mill.',31,'2019-11-12 12:22:39',0,'0000-00-00 00:00:00',NULL),(11788,NULL,'Columbian rainbow boa','Tylophoron protrudens Nyl.',31,'2019-11-12 12:22:39',0,'0000-00-00 00:00:00',NULL),(11789,NULL,'Lappet-faced vulture','Euopsis granatina (Sommerf.) Nyl.',31,'2019-11-12 12:22:39',0,'0000-00-00 00:00:00',NULL),(11790,NULL,'Southern boubou','Cannabis L.',31,'2019-11-12 12:22:39',0,'0000-00-00 00:00:00',NULL),(11791,NULL,'Crane, blue','Sibaropsis hammittii S. Boyd & T.S. Ross',31,'2019-11-12 12:22:39',0,'0000-00-00 00:00:00',NULL),(11792,NULL,'Purple grenadier','Lithospermum calycosum (J.F. Macbr.) I.M. Johnst.',31,'2019-11-12 12:22:39',0,'0000-00-00 00:00:00',NULL),(11793,NULL,'Mynah, indian','Krascheninnikovia lanata (Pursh) A. Meeuse & Smit',31,'2019-11-12 12:22:39',0,'0000-00-00 00:00:00',NULL),(11794,NULL,'Western spotted skunk','Rubus arizonensis Focke',31,'2019-11-12 12:22:39',0,'0000-00-00 00:00:00',NULL),(11795,NULL,'Wood pigeon','Linanthus watsonii (A. Gray) J.M. Porter & L.A. Johnson',31,'2019-11-12 12:22:39',0,'0000-00-00 00:00:00',NULL),(11796,NULL,'Cat, kaffir','Opuntia aureispina (Brack & K.D. Heil) Pinkava & Parfitt',31,'2019-11-12 12:22:39',0,'0000-00-00 00:00:00',NULL),(11797,NULL,'Waxbill, black-cheeked','Lygodium japonicum (Thunb.) Sw.',31,'2019-11-12 12:22:39',0,'0000-00-00 00:00:00',NULL),(11798,NULL,'Richardson\'s ground squirrel','Oenothera glazioviana Micheli',31,'2019-11-12 12:22:39',0,'0000-00-00 00:00:00',NULL),(11799,NULL,'Jaguar','Lobelia spicata Lam. var. leptostachys (A. DC.) Mack. & Bush',31,'2019-11-12 12:22:39',0,'0000-00-00 00:00:00',NULL),(11800,NULL,'Bat, asian false vampire','Viola purpurea Kellogg ssp. dimorpha M.S. Baker & J.C. Clausen',31,'2019-11-12 12:22:39',0,'0000-00-00 00:00:00',NULL),(11801,NULL,'African elephant','Dissanthelium californicum (Nutt.) Benth.',31,'2019-11-12 12:22:39',0,'0000-00-00 00:00:00',NULL),(11802,NULL,'Praying mantis (unidentified)','Lepidium serra H. Mann',31,'2019-11-12 12:22:39',0,'0000-00-00 00:00:00',NULL),(11803,NULL,'Capuchin, brown','Maxillaria parviflora (Poepp. & Endl.) Garay',31,'2019-11-12 12:22:39',0,'0000-00-00 00:00:00',NULL),(11804,NULL,'Bear, polar','Chryso-hypnum diminutivum (Hampe) W.R. Buck',31,'2019-11-12 12:22:39',0,'0000-00-00 00:00:00',NULL),(11805,NULL,'Puma, south american','Chamaesyce lasiocarpa (Klotzsch) Arthur',31,'2019-11-12 12:22:39',0,'0000-00-00 00:00:00',NULL),(11806,NULL,'Curlew, black','Helianthus maximiliani Schrad.',31,'2019-11-12 12:22:40',0,'0000-00-00 00:00:00',NULL),(11807,NULL,'Turaco, violet-crested','Wolffia Horkel ex Schleid.',31,'2019-11-12 12:22:40',0,'0000-00-00 00:00:00',NULL),(11808,NULL,'Thirteen-lined squirrel','Tradescantia wrightii Rose & Bush',31,'2019-11-12 12:22:40',0,'0000-00-00 00:00:00',NULL),(11809,NULL,'Nine-banded armadillo','Penstemon franklinii S.L. Welsh',31,'2019-11-12 12:22:40',0,'0000-00-00 00:00:00',NULL),(11810,NULL,'White-browed owl','Coronilla valentina L.',31,'2019-11-12 12:22:40',0,'0000-00-00 00:00:00',NULL),(11811,NULL,'Kaffir cat','Symphyotrichum falcatum (Lindl.) G.L. Nesom var. falcatum',31,'2019-11-12 12:22:40',0,'0000-00-00 00:00:00',NULL),(11812,NULL,'Viper, egyptian','Astomum ludovicianum (Sull.) Sull.',31,'2019-11-12 12:22:40',0,'0000-00-00 00:00:00',NULL),(11813,NULL,'Western patch-nosed snake','Bauhinia carronii F. Muell.',31,'2019-11-12 12:22:40',0,'0000-00-00 00:00:00',NULL),(11814,NULL,'Rhesus macaque','Lecidella effugiens (Nilson) Knoph & Hertel',31,'2019-11-12 12:22:40',0,'0000-00-00 00:00:00',NULL),(11815,NULL,'Komodo dragon','Dichanthium sericeum (R. Br.) A. Camus',31,'2019-11-12 12:22:40',0,'0000-00-00 00:00:00',NULL),(11816,NULL,'Kangaroo, jungle','Ipomoea ×multifida (Raf.) Shinners',31,'2019-11-12 12:22:40',0,'0000-00-00 00:00:00',NULL),(11817,NULL,'Bear, polar','Dicerandra odoratissima Harper',31,'2019-11-12 12:22:40',0,'0000-00-00 00:00:00',NULL),(11818,NULL,'European badger','Cerastium L.',31,'2019-11-12 12:22:40',0,'0000-00-00 00:00:00',NULL),(11819,NULL,'Squirrel, malabar','Schoenolirion albiflorum (Raf.) R.R. Gates',31,'2019-11-12 12:22:40',0,'0000-00-00 00:00:00',NULL),(11820,NULL,'Albatross, waved','Pritchardia lowreyana Rock',31,'2019-11-12 12:22:40',0,'0000-00-00 00:00:00',NULL),(11821,NULL,'Crested porcupine','Ceanothus tomentosus Parry',31,'2019-11-12 12:22:40',0,'0000-00-00 00:00:00',NULL),(11822,NULL,'Ring-tailed possum','Ceanothus griseus (Trel.) McMinn',31,'2019-11-12 12:22:40',0,'0000-00-00 00:00:00',NULL),(11823,NULL,'Blacksmith plover','Corrigiola litoralis L.',31,'2019-11-12 12:22:40',0,'0000-00-00 00:00:00',NULL),(11824,NULL,'Hyena, striped','Arnoglossum Raf.',31,'2019-11-12 12:22:40',0,'0000-00-00 00:00:00',NULL),(11825,NULL,'Albatross, waved','Amsonia illustris Woodson',31,'2019-11-12 12:22:40',0,'0000-00-00 00:00:00',NULL),(11826,NULL,'Duiker, gray','Silene uralensis (Rupr.) Bocquet',31,'2019-11-12 12:22:40',0,'0000-00-00 00:00:00',NULL),(11827,NULL,'Dassie','Lomatium mohavense (J.M. Coult. & Rose) J.M. Coult. & Rose',31,'2019-11-12 12:22:40',0,'0000-00-00 00:00:00',NULL),(11828,NULL,'Neotropic cormorant','Ranunculus alismifolius Geyer ex Benth. var. alismellus A. Gray',31,'2019-11-12 12:22:40',0,'0000-00-00 00:00:00',NULL),(11829,NULL,'Plains zebra','Helianthus petiolaris Nutt.',31,'2019-11-12 12:22:40',0,'0000-00-00 00:00:00',NULL),(11830,NULL,'Armadillo, seven-banded','Oryzopsis asperifolia Michx.',31,'2019-11-12 12:22:40',0,'0000-00-00 00:00:00',NULL),(11831,NULL,'Horned lark','Arthonia epipastoides Nyl.',31,'2019-11-12 12:22:40',0,'0000-00-00 00:00:00',NULL),(11832,NULL,'Dove, rock','Flemingia Roxb. ex W.T. Aiton',31,'2019-11-12 12:22:40',0,'0000-00-00 00:00:00',NULL),(11833,NULL,'Lion, steller\'s sea','Paspalum paniculatum L.',31,'2019-11-12 12:22:40',0,'0000-00-00 00:00:00',NULL),(11834,NULL,'Square-lipped rhinoceros','Clinopodium brownei (Sw.) Kuntze',31,'2019-11-12 12:22:40',0,'0000-00-00 00:00:00',NULL),(11835,NULL,'Common goldeneye','Besseya ritteriana (Eastw.) Rydb.',31,'2019-11-12 12:22:40',0,'0000-00-00 00:00:00',NULL),(11836,NULL,'Red-breasted cockatoo','Hypnum recurvatum (Lindb. & Arnell) Kindb.',31,'2019-11-12 12:22:40',0,'0000-00-00 00:00:00',NULL),(11837,NULL,'Grey heron','Carex ×mirata Dewey (pro sp.)',31,'2019-11-12 12:22:40',0,'0000-00-00 00:00:00',NULL),(11838,NULL,'Buffalo, african','Platanthera limosa Lindl.',31,'2019-11-12 12:22:40',0,'0000-00-00 00:00:00',NULL),(11839,NULL,'Bear, grizzly','Coreopsis floridana E.B. Sm.',31,'2019-11-12 12:22:40',0,'0000-00-00 00:00:00',NULL),(11840,NULL,'Weaver, sociable','Phaeographis haematites (Fée) Müll. Arg.',31,'2019-11-12 12:22:40',0,'0000-00-00 00:00:00',NULL),(11841,NULL,'Gazelle, thomson\'s','Linum sulcatum Riddell var. harperi (Small) C.M. Rogers',31,'2019-11-12 12:22:40',0,'0000-00-00 00:00:00',NULL),(11842,NULL,'Javan gold-spotted mongoose','Isoetes mattaponica L.J. Musselman',31,'2019-11-12 12:22:40',0,'0000-00-00 00:00:00',NULL),(11843,NULL,'Parrot, hawk-headed','Scutellaria parvula Michx.',31,'2019-11-12 12:22:40',0,'0000-00-00 00:00:00',NULL),(11844,NULL,'Tern, white-winged','Triphysaria eriantha (Benth.) T.I. Chuang & Heckard',31,'2019-11-12 12:22:40',0,'0000-00-00 00:00:00',NULL),(11845,NULL,'Great skua','Eucalyptus propinqua H. Deane & Maiden',31,'2019-11-12 12:22:40',0,'0000-00-00 00:00:00',NULL),(11846,NULL,'Platypus','Sphagnum torreyanum Sull.',31,'2019-11-12 12:22:40',0,'0000-00-00 00:00:00',NULL),(11847,NULL,'Fringe-eared oryx','Halesia tetraptera Ellis var. monticola (Rehder) Reveal & Seldin',31,'2019-11-12 12:22:40',0,'0000-00-00 00:00:00',NULL),(11848,NULL,'Magnificent frigate bird','Strychnos toxifera Schomb. ex Benth.',31,'2019-11-12 12:22:40',0,'0000-00-00 00:00:00',NULL),(11849,NULL,'Grenadier, common','Ribes inerme Rydb.',31,'2019-11-12 12:22:40',0,'0000-00-00 00:00:00',NULL),(11850,NULL,'Gemsbok','Capparis tomentosa Lam.',31,'2019-11-12 12:22:40',0,'0000-00-00 00:00:00',NULL),(11851,NULL,'Squirrel, pine','Fuchsia magellanica Lam.',31,'2019-11-12 12:22:40',0,'0000-00-00 00:00:00',NULL),(11852,NULL,'Bohor reedbuck','Synsepalum (A. DC.) Daniell',31,'2019-11-12 12:22:40',0,'0000-00-00 00:00:00',NULL),(11853,NULL,'Great white pelican','Poa arida Vasey',31,'2019-11-12 12:22:40',0,'0000-00-00 00:00:00',NULL),(11854,NULL,'Onager','Stephanandra incisa (Thunb.) Zabel',31,'2019-11-12 12:22:40',0,'0000-00-00 00:00:00',NULL),(11855,NULL,'Dolphin, bottle-nose','Psychotria hexandra H. Mann ssp. oahuensis O. Deg. & Fosberg var. hosakana Fosberg',31,'2019-11-12 12:22:40',0,'0000-00-00 00:00:00',NULL),(11856,NULL,'Hoary marmot','Zornia gemella Vogel',31,'2019-11-12 12:22:40',0,'0000-00-00 00:00:00',NULL),(11857,NULL,'Long-tailed jaeger','Bignonia L.',31,'2019-11-12 12:22:40',0,'0000-00-00 00:00:00',NULL),(11858,NULL,'Wolf, mexican','Chasmanthium latifolium (Michx.) Yates',31,'2019-11-12 12:22:40',0,'0000-00-00 00:00:00',NULL),(11859,NULL,'Vulture, oriental white-backed','Streptopus streptopoides (Ledeb.) Frye & Rigg ssp. streptopoides',31,'2019-11-12 12:22:40',0,'0000-00-00 00:00:00',NULL),(11860,NULL,'Savanna fox','Isoetes melanospora Engelm.',31,'2019-11-12 12:22:40',0,'0000-00-00 00:00:00',NULL),(11861,NULL,'Purple moorhen','Conyza floribunda Kunth',31,'2019-11-12 12:22:40',0,'0000-00-00 00:00:00',NULL),(11862,NULL,'Kongoni','Cephalanthera austiniae (A. Gray) A. Heller',31,'2019-11-12 12:22:40',0,'0000-00-00 00:00:00',NULL),(11863,NULL,'Eastern diamondback rattlesnake','Nipponanthemum nipponicum (Franch. ex Maxim.) Kitam.',31,'2019-11-12 12:22:40',0,'0000-00-00 00:00:00',NULL),(11864,NULL,'Cape wild cat','Lithophila muscoides Sw.',31,'2019-11-12 12:22:40',0,'0000-00-00 00:00:00',NULL),(11865,NULL,'Marine iguana','Yucca harrimaniae Trel.',31,'2019-11-12 12:22:40',0,'0000-00-00 00:00:00',NULL),(11866,NULL,'Ibis, glossy','Sassafras albidum (Nutt.) Nees',31,'2019-11-12 12:22:40',0,'0000-00-00 00:00:00',NULL),(11867,NULL,'Phascogale, brush-tailed','Leavenworthia exigua Rollins var. lutea Rollins',31,'2019-11-12 12:22:40',0,'0000-00-00 00:00:00',NULL),(11868,NULL,'Savanna baboon','Coscinodon Spreng.',31,'2019-11-12 12:22:40',0,'0000-00-00 00:00:00',NULL),(11869,NULL,'Flamingo, greater','Eremocitrus glauca (Lindl.) Swingle',31,'2019-11-12 12:22:40',0,'0000-00-00 00:00:00',NULL),(11870,NULL,'Spoonbill, european','Astragalus purshii Douglas ex Hook. var. ophiogenes (Barneby) Barneby',31,'2019-11-12 12:22:40',0,'0000-00-00 00:00:00',NULL),(11871,NULL,'Goose, cereopsis','Astragalus howellii A. Gray',31,'2019-11-12 12:22:40',0,'0000-00-00 00:00:00',NULL),(11872,NULL,'Otter, african clawless','Verrucaria macrostoma Dufour ex DC.',31,'2019-11-12 12:22:40',0,'0000-00-00 00:00:00',NULL),(11873,NULL,'Barrows goldeneye','Mikania porosa Urb.',31,'2019-11-12 12:22:40',0,'0000-00-00 00:00:00',NULL),(11874,NULL,'Spotted-tailed quoll','Eriogonum wrightii Torr. ex Benth. var. olanchense (J.T. Howell) Reveal',31,'2019-11-12 12:22:40',0,'0000-00-00 00:00:00',NULL),(11875,NULL,'Seal, harbor','Corispermum pacificum Mosyakin',31,'2019-11-12 12:22:40',0,'0000-00-00 00:00:00',NULL),(11876,NULL,'Jackrabbit, white-tailed','Festuca L.',31,'2019-11-12 12:22:40',0,'0000-00-00 00:00:00',NULL),(11877,NULL,'Timber wolf','Emilia sonchifolia (L.) DC. var. javanica (Burm. f.) Mattf.',31,'2019-11-12 12:22:40',0,'0000-00-00 00:00:00',NULL),(11878,NULL,'Red sheep','Oryzopsis Michx.',31,'2019-11-12 12:22:40',0,'0000-00-00 00:00:00',NULL),(11879,NULL,'Heron, black-crowned night','Spiranthes cernua (L.) Rich.',31,'2019-11-12 12:22:40',0,'0000-00-00 00:00:00',NULL),(11880,NULL,'Lemming, arctic','Scleropodium obtusifolium (A. Jaeger) Kindb.',31,'2019-11-12 12:22:40',0,'0000-00-00 00:00:00',NULL),(11881,NULL,'Marshbird, brown and yellow','Adenophyllum porophylloides (A. Gray) Strother',31,'2019-11-12 12:22:40',0,'0000-00-00 00:00:00',NULL),(11882,NULL,'Red howler monkey','Ludwigia grandiflora (Michx.) Greuter & Burdet ssp. hexapetala (Hook. & Arn.) G.L. Nesom & Kartesz',31,'2019-11-12 12:22:40',0,'0000-00-00 00:00:00',NULL),(11883,NULL,'Black-throated butcher bird','Hechtia Klotzsch',31,'2019-11-12 12:22:40',0,'0000-00-00 00:00:00',NULL),(11884,NULL,'Common turkey','Pedicularis attollens A. Gray',31,'2019-11-12 12:22:40',0,'0000-00-00 00:00:00',NULL),(11885,NULL,'Squirrel, antelope ground','Elymus glaucus Buckley',31,'2019-11-12 12:22:40',0,'0000-00-00 00:00:00',NULL),(11886,NULL,'Sparrow, house','Phacelia hubbyi (J.F. Macbr.) L.M. Garrison',31,'2019-11-12 12:22:40',0,'0000-00-00 00:00:00',NULL),(11887,NULL,'Tarantula','Ipomopsis spicata (Nutt.) V.E. Grant',31,'2019-11-12 12:22:40',0,'0000-00-00 00:00:00',NULL),(11888,NULL,'Cat, cape wild','Ligusticum porteri J.M. Coult. & Rose var. brevilobum (Rydb.) Mathias & Constance',31,'2019-11-12 12:22:40',0,'0000-00-00 00:00:00',NULL),(11889,NULL,'Agile wallaby','Micarea elachista (Körb.) Coppins & R. Sant.',31,'2019-11-12 12:22:40',0,'0000-00-00 00:00:00',NULL),(11890,NULL,'Gemsbok','Strelitzia reginae Aiton',31,'2019-11-12 12:22:40',0,'0000-00-00 00:00:00',NULL),(11891,NULL,'Wood pigeon','Veronica dillenii Crantz',31,'2019-11-12 12:22:40',0,'0000-00-00 00:00:00',NULL),(11892,NULL,'Squirrel, grey-footed','Ditrichum ambiguum Best',31,'2019-11-12 12:22:40',0,'0000-00-00 00:00:00',NULL),(11893,NULL,'Roseate cockatoo','Githopsis diffusa A. Gray ssp. filicaulis (Ewan) Morin',31,'2019-11-12 12:22:40',0,'0000-00-00 00:00:00',NULL),(11894,NULL,'Nubian bee-eater','Layia munzii D.D. Keck',31,'2019-11-12 12:22:40',0,'0000-00-00 00:00:00',NULL),(11895,NULL,'Zorilla','Psychotria brachiata Sw.',31,'2019-11-12 12:22:40',0,'0000-00-00 00:00:00',NULL),(11896,NULL,'Lark, horned','Streptanthus insignis Jeps.',31,'2019-11-12 12:22:40',0,'0000-00-00 00:00:00',NULL),(11897,NULL,'Grebe, little','Draba incerta Payson var. peasei (Fernald) Rollins',31,'2019-11-12 12:22:40',0,'0000-00-00 00:00:00',NULL),(11898,NULL,'Common wallaroo','Passiflora manicata (Juss.) Pers.',31,'2019-11-12 12:22:40',0,'0000-00-00 00:00:00',NULL),(11899,NULL,'Snake, western patch-nosed','Grindelia subalpina Greene',31,'2019-11-12 12:22:40',0,'0000-00-00 00:00:00',NULL),(11900,NULL,'Monitor, water','Leptosiphon nuttallii (A. Gray) J.M. Porter & L.A. Johnson',31,'2019-11-12 12:22:40',0,'0000-00-00 00:00:00',NULL),(11901,NULL,'Black-footed ferret','Clausena dentata (Willd.) M. Roem.',31,'2019-11-12 12:22:40',0,'0000-00-00 00:00:00',NULL),(11902,NULL,'Giant armadillo','Cyperus filicinus Vahl',31,'2019-11-12 12:22:40',0,'0000-00-00 00:00:00',NULL),(11903,NULL,'Oryx, fringe-eared','Glaucium Mill.',31,'2019-11-12 12:22:40',0,'0000-00-00 00:00:00',NULL),(11904,NULL,'Pallas\'s fish eagle','Phaeophyscia kairamoi (Vain.) Moberg',31,'2019-11-12 12:22:40',0,'0000-00-00 00:00:00',NULL),(11905,NULL,'Lion, australian sea','Cardamine angustata O.E. Schulz',31,'2019-11-12 12:22:40',0,'0000-00-00 00:00:00',NULL),(11906,NULL,'Pallas\'s fish eagle','Brongniartia minutifolia S. Watson',31,'2019-11-12 12:22:40',0,'0000-00-00 00:00:00',NULL),(11907,NULL,'Monitor, white-throated','Plagiomnium T. Kop.',31,'2019-11-12 12:22:40',0,'0000-00-00 00:00:00',NULL),(11908,NULL,'Blue-breasted cordon bleu','Pluchea yucatanensis G.L. Nesom',31,'2019-11-12 12:22:40',0,'0000-00-00 00:00:00',NULL),(11909,NULL,'Sheep, american bighorn','Rubus sons L.H. Bailey',31,'2019-11-12 12:22:40',0,'0000-00-00 00:00:00',NULL),(11910,NULL,'Red kangaroo','Leavenworthia aurea Torr. var. aurea',31,'2019-11-12 12:22:40',0,'0000-00-00 00:00:00',NULL),(11911,NULL,'Pampa gray fox','Hieracium ×grohii Lepage',31,'2019-11-12 12:22:40',0,'0000-00-00 00:00:00',NULL),(11912,NULL,'Timber wolf','Tetramolopium tenerrimum (Less.) Nees',31,'2019-11-12 12:22:40',0,'0000-00-00 00:00:00',NULL),(11913,NULL,'Skink, blue-tongued','Eriogonum lonchophyllum Torr. & A. Gray var. fendlerianum (Benth.) Reveal',31,'2019-11-12 12:22:40',0,'0000-00-00 00:00:00',NULL),(11914,NULL,'Oryx, beisa','Tabebuia schumanniana Urb.',31,'2019-11-12 12:22:40',0,'0000-00-00 00:00:00',NULL),(11915,NULL,'Savannah deer','Prunus pumila L.',31,'2019-11-12 12:22:40',0,'0000-00-00 00:00:00',NULL),(11916,NULL,'Crab, red lava','Plagiobothrys torreyi (A. Gray) A. Gray var. diffusus (Greene) I.M. Johnst.',31,'2019-11-12 12:22:40',0,'0000-00-00 00:00:00',NULL),(11917,NULL,'Peccary, collared','Juncus hemiendytus F.J. Herm. var. abjectus (F.J. Herm.) Ertter',31,'2019-11-12 12:22:40',0,'0000-00-00 00:00:00',NULL),(11918,NULL,'Euro wallaby','Allium lacunosum S. Watson',31,'2019-11-12 12:22:40',0,'0000-00-00 00:00:00',NULL),(11919,NULL,'Sungazer, yellow-brown','Stachys byzantina K. Koch',31,'2019-11-12 12:22:40',0,'0000-00-00 00:00:00',NULL),(11920,NULL,'Swallow (unidentified)','Leptosiphon rosaceus (Hook. f.) Battaglia',31,'2019-11-12 12:22:40',0,'0000-00-00 00:00:00',NULL),(11921,NULL,'Vulture, turkey','Cladonia cornuta (L.) Hoffm. ssp. groenlandica (E. Dahl) Ahti',31,'2019-11-12 12:22:40',0,'0000-00-00 00:00:00',NULL),(11922,NULL,'Vulture, black','Lycium andersonii A. Gray',31,'2019-11-12 12:22:40',0,'0000-00-00 00:00:00',NULL),(11923,NULL,'Black curlew','Stictocardia tiliifolia (Desr.) Hallier f.',31,'2019-11-12 12:22:40',0,'0000-00-00 00:00:00',NULL),(11924,NULL,'King vulture','Physcia callosa Nyl.',31,'2019-11-12 12:22:40',0,'0000-00-00 00:00:00',NULL),(11925,NULL,'White-headed vulture','Townsendia grandiflora Nutt.',31,'2019-11-12 12:22:40',0,'0000-00-00 00:00:00',NULL),(11926,NULL,'Python, carpet','Orthotrichum rivulare Turner',31,'2019-11-12 12:22:40',0,'0000-00-00 00:00:00',NULL),(11927,NULL,'Gull, pacific','Epimedium L.',31,'2019-11-12 12:22:40',0,'0000-00-00 00:00:00',NULL),(11928,NULL,'Macaw, red and blue','Hieracium ×fassettii Lepage var. fassettii',31,'2019-11-12 12:22:40',0,'0000-00-00 00:00:00',NULL),(11929,NULL,'Blackish oystercatcher','Chaenactis nevadensis (Kellogg) A. Gray',31,'2019-11-12 12:22:40',0,'0000-00-00 00:00:00',NULL),(11930,NULL,'Kiskadee, great','Lupinus caudatus Kellogg ssp. caudatus',31,'2019-11-12 12:22:40',0,'0000-00-00 00:00:00',NULL),(11931,NULL,'Dunnart, fat-tailed','Cirsium andrewsii (A. Gray) Jeps.',31,'2019-11-12 12:22:40',0,'0000-00-00 00:00:00',NULL),(11932,NULL,'Duck, blue','Astragalus andersonii A. Gray',31,'2019-11-12 12:22:40',0,'0000-00-00 00:00:00',NULL),(11933,NULL,'Sloth, two-toed','Pteralyxia kauaiensis Caum',31,'2019-11-12 12:22:40',0,'0000-00-00 00:00:00',NULL),(11934,NULL,'Squirrel glider','Crataegus indicens Ashe',31,'2019-11-12 12:22:40',0,'0000-00-00 00:00:00',NULL),(11935,NULL,'Possum, pygmy','Terminalia bellirica (Gaertn.) Roxb.',31,'2019-11-12 12:22:40',0,'0000-00-00 00:00:00',NULL),(11936,NULL,'Brindled gnu','Schkuhria pinnata (Lam.) Kuntze ex Thell. var. guatemalensis (Rydb.) McVaugh',31,'2019-11-12 12:22:40',0,'0000-00-00 00:00:00',NULL),(11937,NULL,'Vulture, oriental white-backed','Carex saximontana Mack.',31,'2019-11-12 12:22:40',0,'0000-00-00 00:00:00',NULL),(11938,NULL,'Sun gazer','Anemone quinquefolia L. var. minima (DC.) Frodin',31,'2019-11-12 12:22:40',0,'0000-00-00 00:00:00',NULL),(11939,NULL,'Glider, squirrel','Townsendia glabella A. Gray',31,'2019-11-12 12:22:40',0,'0000-00-00 00:00:00',NULL),(11940,NULL,'Pine squirrel','Macranthera Nutt. ex Benth.',31,'2019-11-12 12:22:40',0,'0000-00-00 00:00:00',NULL),(11941,NULL,'Kangaroo, jungle','Lysimachia scopulensis Marr',31,'2019-11-12 12:22:40',0,'0000-00-00 00:00:00',NULL),(11942,NULL,'Plains zebra','Cirsium rhothophilum S.F. Blake',31,'2019-11-12 12:22:40',0,'0000-00-00 00:00:00',NULL),(11943,NULL,'Genoveva','Horkeliella congdonis (Rydb.) Rydb.',31,'2019-11-12 12:22:40',0,'0000-00-00 00:00:00',NULL),(11944,NULL,'Ass, asiatic wild','Carex misera Buckley',31,'2019-11-12 12:22:40',0,'0000-00-00 00:00:00',NULL),(11945,NULL,'Marten, american','Scutellaria ovata Hill ssp. pseudoarguta Epling',31,'2019-11-12 12:22:40',0,'0000-00-00 00:00:00',NULL),(11946,NULL,'Eagle, crowned','Arctostaphylos tomentosa (Pursh) Lindl.',31,'2019-11-12 12:22:40',0,'0000-00-00 00:00:00',NULL),(11947,NULL,'Two-banded monitor','Danaea elliptica Sm.',31,'2019-11-12 12:22:40',0,'0000-00-00 00:00:00',NULL),(11948,NULL,'Gecko, tokay','Crataegus suksdorfii (Sarg.) Kruschke',31,'2019-11-12 12:22:41',0,'0000-00-00 00:00:00',NULL),(11949,NULL,'Turkey, wild','Pittosporum ralphii Kirk',31,'2019-11-12 12:22:41',0,'0000-00-00 00:00:00',NULL),(11950,NULL,'Egret, snowy','Sedum dasyphyllum L.',31,'2019-11-12 12:22:41',0,'0000-00-00 00:00:00',NULL),(11951,NULL,'Bird, secretary','Poa badensis Haenke ex Willd.',31,'2019-11-12 12:22:41',0,'0000-00-00 00:00:00',NULL),(11952,NULL,'Bunting, crested','Ptelea trifoliata L. ssp. trifoliata var. trifoliata',31,'2019-11-12 12:22:41',0,'0000-00-00 00:00:00',NULL),(11953,NULL,'Spectacled caiman','Cyclopogon cranichoides (Griseb.) Schltr.',31,'2019-11-12 12:22:41',0,'0000-00-00 00:00:00',NULL),(11954,NULL,'Shrew, mandras tree','Machaerina mariscoides (Gaudich.) J. Kern',31,'2019-11-12 12:22:41',0,'0000-00-00 00:00:00',NULL),(11955,NULL,'Baboon, chacma','Clematis orientalis L.',31,'2019-11-12 12:22:41',0,'0000-00-00 00:00:00',NULL),(11956,NULL,'Red-knobbed coot','Thelopsis rubella Nyl.',31,'2019-11-12 12:22:41',0,'0000-00-00 00:00:00',NULL),(11957,NULL,'Squirrel, palm','Eragrostis tef (Zuccagni) Trotter',31,'2019-11-12 12:22:41',0,'0000-00-00 00:00:00',NULL),(11958,NULL,'Bent-toed gecko','Pholistoma Lilja',31,'2019-11-12 12:22:41',0,'0000-00-00 00:00:00',NULL),(11959,NULL,'Vulture, griffon','Crossosoma californicum Nutt.',31,'2019-11-12 12:22:41',0,'0000-00-00 00:00:00',NULL),(11960,NULL,'South American meadowlark (unidentified)','Verrucaria caerulea DC.',31,'2019-11-12 12:22:41',0,'0000-00-00 00:00:00',NULL),(11961,NULL,'Elephant, asian','Melanthera aspera (Jacq.) Steud. ex Small var. aspera',31,'2019-11-12 12:22:41',0,'0000-00-00 00:00:00',NULL),(11962,NULL,'Bison, american','Clinopodium mimuloides (Benth.) Kuntze',31,'2019-11-12 12:22:41',0,'0000-00-00 00:00:00',NULL),(11963,NULL,'Tenrec, tailless','Cerastium arvense L. ssp. velutinum (Raf.) Ugborogho',31,'2019-11-12 12:22:41',0,'0000-00-00 00:00:00',NULL),(11964,NULL,'Glider, sugar','Sium carsonii Durand ex A. Gray',31,'2019-11-12 12:22:41',0,'0000-00-00 00:00:00',NULL),(11965,NULL,'Common shelduck','Dianthus repens Willd.',31,'2019-11-12 12:22:41',0,'0000-00-00 00:00:00',NULL),(11966,NULL,'Ferruginous hawk','Corallorhiza bentleyi Freudenstein',31,'2019-11-12 12:22:41',0,'0000-00-00 00:00:00',NULL),(11967,NULL,'Jackal, asiatic','Clasmatodon parvulus (Hampe) Hook. & Wilson ex Sull.',31,'2019-11-12 12:22:41',0,'0000-00-00 00:00:00',NULL),(11968,NULL,'Burmese black mountain tortoise','Solanum pinnatisectum Dunal [excluded]',31,'2019-11-12 12:22:41',0,'0000-00-00 00:00:00',NULL),(11969,NULL,'Fox, cape','Cyperus amuricus Maxim.',31,'2019-11-12 12:22:41',0,'0000-00-00 00:00:00',NULL),(11970,NULL,'Starfish, crown of thorns','Claytonia heterophylla (Torr. & A. Gray) Swanson',31,'2019-11-12 12:22:41',0,'0000-00-00 00:00:00',NULL),(11971,NULL,'Scaly-breasted lorikeet','Oligoneuron Small',31,'2019-11-12 12:22:41',0,'0000-00-00 00:00:00',NULL),(11972,NULL,'Waxbill, blue','Astragalus lentiginosus Douglas ex Hook. var. kennedyi (Rydb.) Barneby',31,'2019-11-12 12:22:41',0,'0000-00-00 00:00:00',NULL),(11973,NULL,'European badger','Trichomanes punctatum Poir.',31,'2019-11-12 12:22:41',0,'0000-00-00 00:00:00',NULL),(11974,NULL,'North American beaver','Amsinckia tessellata A. Gray var. tessellata',31,'2019-11-12 12:22:41',0,'0000-00-00 00:00:00',NULL),(11975,NULL,'Boa, emerald green tree','Lupinus chihuahuensis S. Watson',31,'2019-11-12 12:22:41',0,'0000-00-00 00:00:00',NULL),(11976,NULL,'Vulture, bengal','Elaphoglossum pellucidum Gaudich.',31,'2019-11-12 12:22:41',0,'0000-00-00 00:00:00',NULL),(11977,NULL,'Miner\'s cat','Plantago cordata Lam.',31,'2019-11-12 12:22:41',0,'0000-00-00 00:00:00',NULL),(11978,NULL,'Jackal, golden','Costus pulverulentus C. Presl',31,'2019-11-12 12:22:41',0,'0000-00-00 00:00:00',NULL),(11979,NULL,'Lizard, desert spiny','Eucnide Zucc.',31,'2019-11-12 12:22:41',0,'0000-00-00 00:00:00',NULL),(11980,NULL,'Galapagos sea lion','Gyroweisia Schimp.',31,'2019-11-12 12:22:41',0,'0000-00-00 00:00:00',NULL),(11981,NULL,'Duck, mountain','Kumlienia Greene',31,'2019-11-12 12:22:41',0,'0000-00-00 00:00:00',NULL),(11982,NULL,'Grenadier, purple','Quercus inopina Ashe',31,'2019-11-12 12:22:41',0,'0000-00-00 00:00:00',NULL),(11983,NULL,'Mountain goat','Clermontia peleana Rock ssp. peleana',31,'2019-11-12 12:22:41',0,'0000-00-00 00:00:00',NULL),(11984,NULL,'Lemur, grey mouse','Sairocarpus multiflorus (Pennell) D.A. Sutton',31,'2019-11-12 12:22:41',0,'0000-00-00 00:00:00',NULL),(11985,NULL,'Baboon, chacma','Phlox viridis E.E. Nelson ssp. compacta (Brand) Wherry',31,'2019-11-12 12:22:41',0,'0000-00-00 00:00:00',NULL),(11986,NULL,'Python (unidentified)','Lycium shockleyi A. Gray',31,'2019-11-12 12:22:41',0,'0000-00-00 00:00:00',NULL),(11987,NULL,'Duiker, gray','Camissonia scapoidea (Nutt. ex Torr. & A. Gray) P.H. Raven',31,'2019-11-12 12:22:41',0,'0000-00-00 00:00:00',NULL),(11988,NULL,'Magpie, australian','Carex glareosa Schkuhr ex Wahlenb. ssp. pribylovensis (Macoun) Halliday & Chater',31,'2019-11-12 12:22:41',0,'0000-00-00 00:00:00',NULL),(11989,NULL,'Wapiti, elk,','Ranunculus abortivus L.',31,'2019-11-12 12:22:41',0,'0000-00-00 00:00:00',NULL),(11990,NULL,'Snake, eastern indigo','Penstemon ×jonesii Pennell (pro sp.)',31,'2019-11-12 12:22:41',0,'0000-00-00 00:00:00',NULL),(11991,NULL,'Booby, blue-faced','Vaccinium scoparium Leiberg ex Coville',31,'2019-11-12 12:22:41',0,'0000-00-00 00:00:00',NULL),(11992,NULL,'Wild water buffalo','Erechtites hieraciifolius (L.) Raf. ex DC.',31,'2019-11-12 12:22:41',0,'0000-00-00 00:00:00',NULL),(11993,NULL,'Black curlew','Arthonia cupressina Tuck.',31,'2019-11-12 12:22:41',0,'0000-00-00 00:00:00',NULL),(11994,NULL,'Common palm civet','Castilleja purpurea (Nutt.) G. Don var. lindheimeri (A. Gray) Shinners',31,'2019-11-12 12:22:41',0,'0000-00-00 00:00:00',NULL),(11995,NULL,'Prairie falcon','Ranunculus inamoenus Greene var. inamoenus',31,'2019-11-12 12:22:41',0,'0000-00-00 00:00:00',NULL),(11996,NULL,'Galah','Salix floridana Chapm.',31,'2019-11-12 12:22:41',0,'0000-00-00 00:00:00',NULL),(11997,NULL,'Lion, steller sea','Astragalus laxmannii Jacq. var. robustior (Hook.) Barneby & S.L. Welsh',31,'2019-11-12 12:22:41',0,'0000-00-00 00:00:00',NULL),(11998,NULL,'Cobra, egyptian','Nephrolepis biserrata (Sw.) Schott',31,'2019-11-12 12:22:41',0,'0000-00-00 00:00:00',NULL),(11999,NULL,'Flamingo, greater','Christia verspertilionis (L. f.) Bakh. f.',31,'2019-11-12 12:22:41',0,'0000-00-00 00:00:00',NULL),(12000,NULL,'Weaver, white-browed sparrow','Sarcogyne novomexicana H. Magn.',31,'2019-11-12 12:22:41',0,'0000-00-00 00:00:00',NULL),(12001,NULL,'Gelada baboon','Heliocarpus L.',31,'2019-11-12 12:22:41',0,'0000-00-00 00:00:00',NULL),(12002,NULL,'Warthog','Alopecurus carolinianus Walter',31,'2019-11-12 12:22:41',0,'0000-00-00 00:00:00',NULL),(12003,NULL,'Bat, little brown','Hexastylis heterophylla (Ashe) Small',31,'2019-11-12 12:22:41',0,'0000-00-00 00:00:00',NULL),(12004,NULL,'Red-tailed wambenger','Candelariella dispersa (Rasanen) Hakul.',31,'2019-11-12 12:22:41',0,'0000-00-00 00:00:00',NULL),(12005,NULL,'Barrows goldeneye','Tuckermannopsis sepincola (Ehrh.) Hale',31,'2019-11-12 12:22:41',0,'0000-00-00 00:00:00',NULL),(12006,NULL,'Sungazer, yellow-brown','Cryphaea F. Weber',31,'2019-11-12 12:22:41',0,'0000-00-00 00:00:00',NULL),(12007,NULL,'Kangaroo, brush-tailed rat','Penstemon laetus A. Gray',31,'2019-11-12 12:22:41',0,'0000-00-00 00:00:00',NULL),(12008,NULL,'Snake, tiger','Bryum ruderale Crundw. & Nyholm',31,'2019-11-12 12:22:41',0,'0000-00-00 00:00:00',NULL),(12009,NULL,'Madagascar hawk owl','Ipomoea shumardiana (Torr.) Shinners',31,'2019-11-12 12:22:41',0,'0000-00-00 00:00:00',NULL),(12010,NULL,'Deer, red','Spermacoce L.',31,'2019-11-12 12:22:41',0,'0000-00-00 00:00:00',NULL),(12011,NULL,'Turkey, australian brush','Onopordum acanthium L.',31,'2019-11-12 12:22:41',0,'0000-00-00 00:00:00',NULL),(12012,NULL,'Brindled gnu','Poa bolanderi Vasey',31,'2019-11-12 12:22:41',0,'0000-00-00 00:00:00',NULL),(12013,NULL,'Bird, red-billed tropic','Samolus ebracteatus Kunth ssp. alyssoides (A. Heller) R. Knuth',31,'2019-11-12 12:22:41',0,'0000-00-00 00:00:00',NULL),(12014,NULL,'Indian jackal','Diellia erecta Brack.',31,'2019-11-12 12:22:41',0,'0000-00-00 00:00:00',NULL),(12015,NULL,'Indian jackal','Pogogyne douglasii Benth.',31,'2019-11-12 12:22:41',0,'0000-00-00 00:00:00',NULL),(12016,NULL,'Brush-tailed bettong','Arenaria kingii (S. Watson) M.E. Jones ssp. kingii',31,'2019-11-12 12:22:41',0,'0000-00-00 00:00:00',NULL),(12017,NULL,'Red-billed buffalo weaver','Papaver pygmaeum Rydb.',31,'2019-11-12 12:22:41',0,'0000-00-00 00:00:00',NULL),(12018,NULL,'Goose, cereopsis','Brachythecium reflexum (Starke) Schimp. var. reflexum',31,'2019-11-12 12:22:41',0,'0000-00-00 00:00:00',NULL),(12019,NULL,'Otter, brazilian','Grimmia longirostris Hook.',31,'2019-11-12 12:22:41',0,'0000-00-00 00:00:00',NULL),(12020,NULL,'Bat, little brown','Eurybia eryngiifolia (Torr. & A. Gray) G.L. Nesom',31,'2019-11-12 12:22:41',0,'0000-00-00 00:00:00',NULL),(12021,NULL,'Cat, african wild','Eriogonum truncatum Torr. & A. Gray',31,'2019-11-12 12:22:41',0,'0000-00-00 00:00:00',NULL),(12022,NULL,'Bird, red-billed tropic','Xyris floridana (Kral) E.L. Bridges & Orzell',31,'2019-11-12 12:22:41',0,'0000-00-00 00:00:00',NULL),(12023,NULL,'Black-crowned night heron','Mespilus germanica L.',31,'2019-11-12 12:22:41',0,'0000-00-00 00:00:00',NULL),(12024,NULL,'Fox, asian red','Solanum aviculare G. Forst.',31,'2019-11-12 12:22:41',0,'0000-00-00 00:00:00',NULL),(12025,NULL,'Sloth, hoffman\'s','Abies lasiocarpa (Hook.) Nutt.',31,'2019-11-12 12:22:41',0,'0000-00-00 00:00:00',NULL),(12026,NULL,'Tammar wallaby','Camissonia Link',31,'2019-11-12 12:22:41',0,'0000-00-00 00:00:00',NULL),(12027,NULL,'Fox, arctic','Piperia Rydb.',31,'2019-11-12 12:22:41',0,'0000-00-00 00:00:00',NULL),(12028,NULL,'Egyptian cobra','Delphinium variegatum Torr. & A. Gray ssp. thornei Munz',31,'2019-11-12 12:22:41',0,'0000-00-00 00:00:00',NULL),(12029,NULL,'Sheep, american bighorn','Thalictrum fendleri Engelm. ex A. Gray var. wrightii (A. Gray) Trel.',31,'2019-11-12 12:22:41',0,'0000-00-00 00:00:00',NULL),(12030,NULL,'Goose, spur-winged','Crataegus viridis L. var. viridis',31,'2019-11-12 12:22:41',0,'0000-00-00 00:00:00',NULL),(12031,NULL,'Laughing kookaburra','Trichilia hirta L.',31,'2019-11-12 12:22:41',0,'0000-00-00 00:00:00',NULL),(12032,NULL,'Carmine bee-eater','Emorya Torr.',31,'2019-11-12 12:22:41',0,'0000-00-00 00:00:00',NULL),(12033,NULL,'Ass, asiatic wild','Frasera speciosa Douglas ex Griseb.',31,'2019-11-12 12:22:41',0,'0000-00-00 00:00:00',NULL),(12034,NULL,'Rose-ringed parakeet','Astragalus arthurii M.E. Jones',31,'2019-11-12 12:22:41',0,'0000-00-00 00:00:00',NULL),(12035,NULL,'Jaguarundi','Ribes indecorum Eastw.',31,'2019-11-12 12:22:41',0,'0000-00-00 00:00:00',NULL),(12036,NULL,'Shrike, common boubou','Erigeron eatonii A. Gray var. plantagineus (Greene) Cronquist',31,'2019-11-12 12:22:41',0,'0000-00-00 00:00:00',NULL),(12037,NULL,'Macaw, blue and yellow','Hydrothyria venosa J.L. Russell',31,'2019-11-12 12:22:41',0,'0000-00-00 00:00:00',NULL),(12038,NULL,'Robin, kalahari scrub','Sarracenia rubra Walter ssp. wherryi D.E. Schnell',31,'2019-11-12 12:22:41',0,'0000-00-00 00:00:00',NULL),(12039,NULL,'Gull, lava','Anaphalis margaritacea (L.) Benth.',31,'2019-11-12 12:22:41',0,'0000-00-00 00:00:00',NULL),(12040,NULL,'Snake, eastern indigo','Bolboschoenus glaucus (Lam.) S.G. Sm.',31,'2019-11-12 12:22:41',0,'0000-00-00 00:00:00',NULL),(12041,NULL,'Tammar wallaby','Psora tuckermanii R. Anderson ex Timdal',31,'2019-11-12 12:22:41',0,'0000-00-00 00:00:00',NULL),(12042,NULL,'Raven, white-necked','Trophis P. Br.',31,'2019-11-12 12:22:41',0,'0000-00-00 00:00:00',NULL),(12043,NULL,'Turtle, long-necked','Cirsium vulgare (Savi) Ten.',31,'2019-11-12 12:22:41',0,'0000-00-00 00:00:00',NULL),(12044,NULL,'Horned puffin','Santalum paniculatum Hook. & Arn. var. pilgeri (Rock) Stemmermann',31,'2019-11-12 12:22:41',0,'0000-00-00 00:00:00',NULL),(12045,NULL,'Armadillo, nine-banded','Anthoxanthum L.',31,'2019-11-12 12:22:41',0,'0000-00-00 00:00:00',NULL),(12046,NULL,'Bateleur eagle','Fritillaria eastwoodiae Macfarlane',31,'2019-11-12 12:22:41',0,'0000-00-00 00:00:00',NULL),(12047,NULL,'Civet (unidentified)','Verbena ×moechina Moldenke',31,'2019-11-12 12:22:41',0,'0000-00-00 00:00:00',NULL),(12048,NULL,'Egret, cattle','Carex ×firmior (Norman) Holmb.',31,'2019-11-12 12:22:41',0,'0000-00-00 00:00:00',NULL),(12049,NULL,'American badger','Antennaria dimorpha (Nutt.) Torr. & A. Gray',31,'2019-11-12 12:22:41',0,'0000-00-00 00:00:00',NULL),(12050,NULL,'Helmeted guinea fowl','Rhinanthus serotinus (Schönh) Oborny',31,'2019-11-12 12:22:41',0,'0000-00-00 00:00:00',NULL),(12051,NULL,'Richardson\'s ground squirrel','Acacia implexa Benth.',31,'2019-11-12 12:22:41',0,'0000-00-00 00:00:00',NULL),(12052,NULL,'Red meerkat','Buellia mamillana (Tuck.) W.A. Weber',31,'2019-11-12 12:22:41',0,'0000-00-00 00:00:00',NULL),(12053,NULL,'Common wolf','Stylocline citroleum Morefield',31,'2019-11-12 12:22:41',0,'0000-00-00 00:00:00',NULL),(12054,NULL,'Peccary, collared','Amphidium Schimp.',31,'2019-11-12 12:22:41',0,'0000-00-00 00:00:00',NULL),(12055,NULL,'Sportive lemur','Aletes J.M. Coult. & Rose',31,'2019-11-12 12:22:41',0,'0000-00-00 00:00:00',NULL),(12056,NULL,'Snake, eastern indigo','Lupinus johannis-howellii C.P. Sm.',31,'2019-11-12 12:22:41',0,'0000-00-00 00:00:00',NULL),(12057,NULL,'Lorikeet, scaly-breasted','Packera neomexicana (A. Gray) W.A. Weber & Á. Löve',31,'2019-11-12 12:22:41',0,'0000-00-00 00:00:00',NULL),(12058,NULL,'African jacana','Verbena stricta Vent.',31,'2019-11-12 12:22:41',0,'0000-00-00 00:00:00',NULL),(12059,NULL,'Black-capped capuchin','Sarea difformis (Fr.) Fr.',31,'2019-11-12 12:22:41',0,'0000-00-00 00:00:00',NULL),(12060,NULL,'Lappet-faced vulture','Paronychia rugelii (Chapm.) Shuttlw. ex Chapm. var. interior (Small) Chaudhri',31,'2019-11-12 12:22:41',0,'0000-00-00 00:00:00',NULL),(12061,NULL,'Capybara','Harperocallis flava McDaniel',31,'2019-11-12 12:22:41',0,'0000-00-00 00:00:00',NULL),(12062,NULL,'Crane, sandhill','Dalechampia scandens L.',31,'2019-11-12 12:22:41',0,'0000-00-00 00:00:00',NULL),(12063,NULL,'Greater roadrunner','Juncus elliottii Chapm. var. polyanthemus C. Mohr, nom. inq.',31,'2019-11-12 12:22:41',0,'0000-00-00 00:00:00',NULL),(12064,NULL,'Manatee','Clematis ligusticifolia Nutt. var. brevifolia Nutt.',31,'2019-11-12 12:22:41',0,'0000-00-00 00:00:00',NULL),(12065,NULL,'Common zorro','Agoseris apargioides (Less.) Greene var. apargioides',31,'2019-11-12 12:22:41',0,'0000-00-00 00:00:00',NULL),(12066,NULL,'Black-cheeked waxbill','Meesia triquetra (L. ex Jolycl.) Ångstr.',31,'2019-11-12 12:22:41',0,'0000-00-00 00:00:00',NULL),(12067,NULL,'Mexican beaded lizard','Citrullus colocynthis (L.) Schrad.',31,'2019-11-12 12:22:41',0,'0000-00-00 00:00:00',NULL),(12068,NULL,'Beisa oryx','Schiedea diffusa A. Gray',31,'2019-11-12 12:22:41',0,'0000-00-00 00:00:00',NULL),(12069,NULL,'Booby, masked','Salix herbacea L.',31,'2019-11-12 12:22:41',0,'0000-00-00 00:00:00',NULL),(12070,NULL,'Tern, arctic','Rubus obvius L.H. Bailey',31,'2019-11-12 12:22:41',0,'0000-00-00 00:00:00',NULL),(12071,NULL,'Monkey, bleeding heart','Aira praecox L.',31,'2019-11-12 12:22:41',0,'0000-00-00 00:00:00',NULL),(12072,NULL,'Great egret','Lamium album L.',31,'2019-11-12 12:22:41',0,'0000-00-00 00:00:00',NULL),(12073,NULL,'Swallow (unidentified)','Acarospora socialis H. Magn.',31,'2019-11-12 12:22:41',0,'0000-00-00 00:00:00',NULL),(12074,NULL,'Cape clawless otter','Tsuga Carrière',31,'2019-11-12 12:22:41',0,'0000-00-00 00:00:00',NULL),(12075,NULL,'Pocket gopher (unidentified)','Arabidopsis Heynh.',31,'2019-11-12 12:22:41',0,'0000-00-00 00:00:00',NULL),(12076,NULL,'White-tailed jackrabbit','Rinodina (Ach.) A. Gray',31,'2019-11-12 12:22:41',0,'0000-00-00 00:00:00',NULL),(12077,NULL,'Sambar','Woodwardia Sm.',31,'2019-11-12 12:22:41',0,'0000-00-00 00:00:00',NULL),(12078,NULL,'Duck, mountain','Acinos Mill.',31,'2019-11-12 12:22:41',0,'0000-00-00 00:00:00',NULL),(12079,NULL,'Mongoose, small indian','Mycelis Cass.',31,'2019-11-12 12:22:41',0,'0000-00-00 00:00:00',NULL),(12080,NULL,'Reindeer','Glandularia elegans (Kunth) Umber var. asperata (L.M. Perry) Umber',31,'2019-11-12 12:22:41',0,'0000-00-00 00:00:00',NULL),(12081,NULL,'Boa, cook\'s tree','Caloplaca baueri (Müll. Arg.) Zahlbr.',31,'2019-11-12 12:22:41',0,'0000-00-00 00:00:00',NULL),(12082,NULL,'Eastern indigo snake','Salvia mohavensis Greene',31,'2019-11-12 12:22:41',0,'0000-00-00 00:00:00',NULL),(12083,NULL,'Bear, polar','Quercus virginiana Mill.',31,'2019-11-12 12:22:41',0,'0000-00-00 00:00:00',NULL),(12084,NULL,'Kelp gull','Clarkia purpurea (W. Curtis) A. Nelson & J.F. Macbr. ssp. viminea (Douglas ex Hook.) F.H. Lewis & M.E. Lewis',31,'2019-11-12 12:22:41',0,'0000-00-00 00:00:00',NULL),(12085,NULL,'Southern hairy-nosed wombat','Tricardia watsonii Torr. ex S. Watson',31,'2019-11-12 12:22:41',0,'0000-00-00 00:00:00',NULL),(12086,NULL,'Heron, green','Carex orestera Zika',31,'2019-11-12 12:22:41',0,'0000-00-00 00:00:00',NULL),(12087,NULL,'Armadillo, nine-banded','Cynosurus echinatus L.',31,'2019-11-12 12:22:41',0,'0000-00-00 00:00:00',NULL),(12088,NULL,'Red-breasted cockatoo','Eremopyrum bonaepartis (Spreng.) Nevski',31,'2019-11-12 12:22:41',0,'0000-00-00 00:00:00',NULL),(12089,NULL,'Deer, roe','Galium orizabense Hemsl.',31,'2019-11-12 12:22:41',0,'0000-00-00 00:00:00',NULL),(12090,NULL,'Red-headed woodpecker','Ceanothus americanus L.',31,'2019-11-12 12:22:41',0,'0000-00-00 00:00:00',NULL),(12091,NULL,'Deer, mule','Packera bernardina (Greene) W.A. Weber & Á. Löve',31,'2019-11-12 12:22:41',0,'0000-00-00 00:00:00',NULL),(12092,NULL,'Racer, american\'ciao ciao\'','Corymborkis Thouars,',39,'2019-11-12 12:22:42',0,'2019-11-12 14:44:13',NULL),(12093,NULL,'Deer, savannah','Asplenium varians Wall. ex Hook. & Grev.',31,'2019-11-12 12:22:42',1,'2019-11-12 14:44:13',NULL),(12094,NULL,'Boar, wild','Cetraria ericetorum Opiz ssp. reticulata (Rasanen) Karnefelt',31,'2019-11-12 12:22:42',0,'0000-00-00 00:00:00',NULL),(12095,NULL,'Cat, toddy','Cooperia traubii Hayward',31,'2019-11-12 12:22:42',0,'0000-00-00 00:00:00',NULL),(12096,NULL,'Echidna, short-beaked','Fissidens obtusifolius Wilson',31,'2019-11-12 12:22:42',0,'0000-00-00 00:00:00',NULL),(12097,NULL,'Bear, black','Pilea depressa (Sw.) Blume',31,'2019-11-12 12:22:42',0,'0000-00-00 00:00:00',NULL),(12098,NULL,'Trumpeter, green-winged','Narcissus ×medioluteus Mill. (pro sp.)',31,'2019-11-12 12:22:42',0,'0000-00-00 00:00:00',NULL),(12099,NULL,'Lesser masked weaver','Melica mutica Walter',31,'2019-11-12 12:22:42',0,'0000-00-00 00:00:00',NULL),(12100,NULL,'Bird, red-billed tropic','Valeriana L.',31,'2019-11-12 12:22:42',0,'0000-00-00 00:00:00',NULL),(12101,NULL,'Roseate cockatoo','Croton glandulosus L.',31,'2019-11-12 12:22:42',0,'2019-11-14 13:33:06',11150),(12102,NULL,'Woolly-necked stork','Amorpha L.',31,'2019-11-12 12:22:42',0,'0000-00-00 00:00:00',NULL),(12103,NULL,'Agile wallaby','Nonea vesicaria (L.) Rchb.',31,'2019-11-12 12:22:42',0,'0000-00-00 00:00:00',NULL),(12104,NULL,'Gemsbok','Cryptantha semiglabra Barneby',31,'2019-11-12 12:22:42',0,'0000-00-00 00:00:00',NULL),(12105,NULL,'Lesser flamingo','Luzula comosa E. Mey.',31,'2019-11-12 12:22:42',0,'0000-00-00 00:00:00',NULL),(12106,NULL,'Bare-faced go away bird','Achnatherum brachychaetum (Godr.) Barkworth',31,'2019-11-12 12:22:42',0,'0000-00-00 00:00:00',NULL),(12107,NULL,'Arctic lemming','Hieracium gronovii L.',31,'2019-11-12 12:22:42',0,'0000-00-00 00:00:00',NULL),(12108,NULL,'White-throated monitor','Eucalyptus crebra F. Muell.',31,'2019-11-12 12:22:42',0,'0000-00-00 00:00:00',NULL),(12109,NULL,'Pademelon, red-legged','Psilactis brevilingulata Sch. Bip. ex Hemsl.',31,'2019-11-12 12:22:42',0,'0000-00-00 00:00:00',NULL),(12110,NULL,'Cat, african wild','Dalea tenuis (J.M. Coult.) Shinners',31,'2019-11-12 12:22:42',0,'0000-00-00 00:00:00',NULL),(12111,NULL,'Barasingha deer','Oxytropis lambertii Pursh var. lambertii',31,'2019-11-12 12:22:42',0,'0000-00-00 00:00:00',NULL),(12112,NULL,'Cat, native','Valeriana sitchensis Bong.',31,'2019-11-12 12:22:42',0,'0000-00-00 00:00:00',NULL),(12113,NULL,'Legaan, Monitor (unidentified)','Carex paleacea Schreb. ex Wahlenb.',31,'2019-11-12 12:22:42',0,'0000-00-00 00:00:00',NULL),(12114,NULL,'Marten, american','Encephalartos ferox G. Bertol.',31,'2019-11-12 12:22:42',0,'0000-00-00 00:00:00',NULL),(12115,NULL,'Cormorant, pied','Rhododendron oblongifolium (Small) Millais',31,'2019-11-12 12:22:42',0,'0000-00-00 00:00:00',NULL),(12116,NULL,'Kangaroo, black-faced','Lotus strigosus (Nutt.) Greene',31,'2019-11-12 12:22:42',0,'0000-00-00 00:00:00',NULL),(12117,NULL,'Deer, roe','Poa leibergii Scribn.',31,'2019-11-12 12:22:42',0,'0000-00-00 00:00:00',NULL),(12118,NULL,'Blue racer','Abutilon menziesii Seem.',31,'2019-11-12 12:22:42',0,'0000-00-00 00:00:00',NULL),(12119,NULL,'Parakeet, rose-ringed','Cephalanthus L.',31,'2019-11-12 12:22:42',0,'0000-00-00 00:00:00',NULL),(12120,NULL,'Common brushtail possum','Maianthemum F.H. Wigg.',31,'2019-11-12 12:22:42',0,'0000-00-00 00:00:00',NULL),(12121,NULL,'Fox, bat-eared','Abies veitchii Lindl.',31,'2019-11-12 12:22:42',0,'0000-00-00 00:00:00',NULL),(12122,NULL,'Canada goose','Allium fimbriatum S. Watson var. fimbriatum',31,'2019-11-12 12:22:42',0,'0000-00-00 00:00:00',NULL),(12123,NULL,'Ground monitor (unidentified)','Malachra L.',31,'2019-11-12 12:22:42',0,'0000-00-00 00:00:00',NULL),(12124,NULL,'Bush dog','Rhizoplaca Zopf',31,'2019-11-12 12:22:42',0,'0000-00-00 00:00:00',NULL),(12125,NULL,'Four-spotted skimmer','Phaeophyscia cernohorskyi (Nadv.) Essl.',31,'2019-11-12 12:22:42',0,'0000-00-00 00:00:00',NULL),(12126,NULL,'Dragon, ornate rock','Arctostaphylos ×victorinii Rolland-Germain',31,'2019-11-12 12:22:42',0,'0000-00-00 00:00:00',NULL),(12127,NULL,'Beisa oryx','Nestegis sandwicensis (A. Gray) O. Deg. & I. Deg. & L.A.S. Johnson',31,'2019-11-12 12:22:42',0,'0000-00-00 00:00:00',NULL),(12128,NULL,'Silver-backed jackal','Bothriochloa wrightii (Hack.) Henr.',31,'2019-11-12 12:22:42',0,'0000-00-00 00:00:00',NULL),(12129,NULL,'Canadian tiger swallowtail butterfly','Pyrenula subelliptica (Tuck.) R.C. Harris',31,'2019-11-12 12:22:42',0,'0000-00-00 00:00:00',NULL),(12130,NULL,'Goose, snow','Fritillaria striata Eastw.',31,'2019-11-12 12:22:42',0,'0000-00-00 00:00:00',NULL),(12131,NULL,'American beaver','Carex diandra Schrank',31,'2019-11-12 12:22:42',0,'0000-00-00 00:00:00',NULL),(12132,NULL,'Dragon, asian water','Echinocereus pentalophus (DC.) Lem.',31,'2019-11-12 12:22:42',0,'0000-00-00 00:00:00',NULL),(12133,NULL,'Weaver, red-billed buffalo','Chenopodium incanum (S. Watson) A. Heller var. elatum Crawford',31,'2019-11-12 12:22:42',0,'0000-00-00 00:00:00',NULL),(12134,NULL,'Small-clawed otter','Festuca altaica Trin.',31,'2019-11-12 12:22:42',0,'0000-00-00 00:00:00',NULL),(12135,NULL,'Squirrel, nelson ground','Ranunculus sabinei R. Br.',31,'2019-11-12 12:22:42',0,'0000-00-00 00:00:00',NULL),(12136,NULL,'Turaco, violet-crested','Ranunculus marginatus d\'Urv. var. trachycarpus (Fisch. & C.A. Mey.) Arn.',31,'2019-11-12 12:22:42',0,'0000-00-00 00:00:00',NULL),(12137,NULL,'Black-backed jackal','Trianthema L.',31,'2019-11-12 12:22:42',0,'0000-00-00 00:00:00',NULL),(12138,NULL,'Grant\'s gazelle','×Elyhordeum arcuatum Mitchell & Hodgson',31,'2019-11-12 12:22:42',0,'0000-00-00 00:00:00',NULL),(12139,NULL,'White-throated toucan','Physconia perisidiosa (Erichsen) Moberg',31,'2019-11-12 12:22:42',0,'0000-00-00 00:00:00',NULL),(12140,NULL,'Boubou, southern','Enterosora trifurcata (L.) Bishop',31,'2019-11-12 12:22:42',0,'0000-00-00 00:00:00',NULL),(12141,NULL,'Crab-eating raccoon','Ceanothus jepsonii Greene',31,'2019-11-12 12:22:42',0,'0000-00-00 00:00:00',NULL),(12142,NULL,'Siskin, yellow-rumped','Sphaeralcea caespitosa M.E. Jones',31,'2019-11-12 12:22:42',0,'0000-00-00 00:00:00',NULL),(12143,NULL,'Phascogale, red-tailed','Lathyrus brachycalyx Rydb. ssp. brachycalyx',31,'2019-11-12 12:22:42',0,'0000-00-00 00:00:00',NULL),(12144,NULL,'Red-headed woodpecker','Paspalum thunbergii Kunth ex Steud.',31,'2019-11-12 12:22:42',0,'0000-00-00 00:00:00',NULL),(12145,NULL,'Mandras tree shrew','Pulsatilla patens (L.) Mill. ssp. multifida (Pritz.) Zamels',31,'2019-11-12 12:22:42',0,'0000-00-00 00:00:00',NULL),(12146,NULL,'Ring-tailed coatimundi','Orobanche californica Cham. & Schltdl.',31,'2019-11-12 12:22:42',0,'0000-00-00 00:00:00',NULL),(12147,NULL,'Proxy','Bella\' ciao',NULL,'2019-11-12 13:12:13',1,'2019-11-12 14:40:27',11151),(12148,NULL,'ciao, ciao','ciaone, ciao',31,'2019-11-12 14:41:20',1,'2019-11-12 14:41:40',NULL),(12149,NULL,'Schermo blu, modifica','Lo schermo del computer, con sistema operativo windows 10 home, risulta blu ed è bloccato. Staccare il cavo di alimentazione e inserirlo nuovamente o tenere premuto il tasto di accensione fino allo spegnimento.',31,'2019-11-12 14:53:04',0,'2019-11-15 12:25:22',NULL),(12150,NULL,'&quot;=OR&quot;=&quot;','&lt;asd',31,'2019-11-14 13:33:56',1,'2019-11-14 13:34:04',11147),(12151,561,'Finke','banane',39,'2019-11-19 12:20:14',0,'0000-00-00 00:00:00',11716),(12152,563,'Fadil','Caso perso',41,'2019-11-19 12:24:47',0,'0000-00-00 00:00:00',NULL);
/*!40000 ALTER TABLE `cases` ENABLE KEYS */;
UNLOCK TABLES;

--
-- Table structure for table `categories`
--

DROP TABLE IF EXISTS `categories`;
/*!40101 SET @saved_cs_client     = @@character_set_client */;
/*!40101 SET character_set_client = utf8 */;
CREATE TABLE `categories` (
  `id` int(11) NOT NULL AUTO_INCREMENT,
  `name` varchar(50) NOT NULL,
  PRIMARY KEY (`id`),
  UNIQUE KEY `name` (`name`)
) ENGINE=InnoDB AUTO_INCREMENT=43 DEFAULT CHARSET=latin1;
/*!40101 SET character_set_client = @saved_cs_client */;

--
-- Dumping data for table `categories`
--

LOCK TABLES `categories` WRITE;
/*!40000 ALTER TABLE `categories` DISABLE KEYS */;
INSERT INTO `categories` VALUES (41,'Diagnostica'),(29,'Logistica'),(39,'Programmazione'),(31,'trouble shooting');
/*!40000 ALTER TABLE `categories` ENABLE KEYS */;
UNLOCK TABLES;

--
-- Table structure for table `representation`
--

DROP TABLE IF EXISTS `representation`;
/*!40101 SET @saved_cs_client     = @@character_set_client */;
/*!40101 SET character_set_client = utf8 */;
CREATE TABLE `representation` (
  `id_case` int(11) NOT NULL,
  `id_variant` int(11) DEFAULT NULL,
  `date` timestamp NOT NULL DEFAULT current_timestamp() ON UPDATE current_timestamp(),
  PRIMARY KEY (`id_case`,`date`),
  KEY `id_variant` (`id_variant`),
  CONSTRAINT `representation_ibfk_1` FOREIGN KEY (`id_case`) REFERENCES `cases` (`id`) ON DELETE CASCADE ON UPDATE CASCADE,
  CONSTRAINT `representation_ibfk_2` FOREIGN KEY (`id_variant`) REFERENCES `cases` (`id`) ON DELETE CASCADE ON UPDATE CASCADE
) ENGINE=InnoDB DEFAULT CHARSET=utf8mb4 COLLATE=utf8mb4_unicode_ci;
/*!40101 SET character_set_client = @saved_cs_client */;

--
-- Dumping data for table `representation`
--

LOCK TABLES `representation` WRITE;
/*!40000 ALTER TABLE `representation` DISABLE KEYS */;
INSERT INTO `representation` VALUES (12092,11147,'2019-11-12 12:58:12'),(12092,11147,'2019-11-12 13:15:03'),(12092,11147,'2019-11-12 14:40:45'),(12092,11147,'2019-11-12 14:41:00'),(12150,11147,'2019-11-14 13:33:56'),(12101,11150,'2019-11-14 13:33:06'),(12147,11151,'2019-11-12 13:12:13'),(12151,11716,'2019-11-19 12:20:14'),(12092,12093,'2019-11-12 14:44:02');
/*!40000 ALTER TABLE `representation` ENABLE KEYS */;
UNLOCK TABLES;

--
-- Table structure for table `users`
--

DROP TABLE IF EXISTS `users`;
/*!40101 SET @saved_cs_client     = @@character_set_client */;
/*!40101 SET character_set_client = utf8 */;
CREATE TABLE `users` (
  `id` int(11) NOT NULL AUTO_INCREMENT,
  `surname` varchar(50) NOT NULL,
  `name` varchar(50) NOT NULL,
  `email` varchar(320) DEFAULT NULL,
  `is_admin` tinyint(1) NOT NULL,
  `change_pass` tinyint(1) NOT NULL,
  `password` varchar(256) DEFAULT NULL,
  PRIMARY KEY (`id`),
  UNIQUE KEY `email` (`email`),
  UNIQUE KEY `email_2` (`email`),
  UNIQUE KEY `email_3` (`email`)
) ENGINE=InnoDB AUTO_INCREMENT=565 DEFAULT CHARSET=latin1;
/*!40101 SET character_set_client = @saved_cs_client */;

--
-- Dumping data for table `users`
--

LOCK TABLES `users` WRITE;
/*!40000 ALTER TABLE `users` DISABLE KEYS */;
INSERT INTO `users` VALUES (63,'Todaro','Debera','dtodaro2@china.com.cn',1,0,'$2y$10$YulRgPyTzJ.6oHunVlz7y.bOHsotFSwm0BtQzqRdvwKTqpZChAKy2'),(65,'Stenson','Robbie','rstenson4@technorati.com',0,0,'$2y$10$YulRgPyTzJ.6oHunVlz7y.bOHsotFSwm0BtQzqRdvwKTqpZChAKy2'),(66,'Ettritch','Niles','nettritch5@jalbum.net',0,0,'$2y$10$YulRgPyTzJ.6oHunVlz7y.bOHsotFSwm0BtQzqRdvwKTqpZChAKy2'),(67,'Fennelow','Dene','dfennelow6@bloomberg.com',0,0,'$2y$10$YulRgPyTzJ.6oHunVlz7y.bOHsotFSwm0BtQzqRdvwKTqpZChAKy2'),(68,'Radnedge','Torrence','tradnedge7@businessinsider.com',0,0,'$2y$10$YulRgPyTzJ.6oHunVlz7y.bOHsotFSwm0BtQzqRdvwKTqpZChAKy2'),(69,'Room','Tiff','troom8@abc.net.au',0,0,'$2y$10$YulRgPyTzJ.6oHunVlz7y.bOHsotFSwm0BtQzqRdvwKTqpZChAKy2'),(71,'Dunan','Olvan','odunana@dyndns.org',0,0,'$2y$10$YulRgPyTzJ.6oHunVlz7y.bOHsotFSwm0BtQzqRdvwKTqpZChAKy2'),(72,'Havers','Sydney','shaversb@seattletimes.com',0,0,'$2y$10$YulRgPyTzJ.6oHunVlz7y.bOHsotFSwm0BtQzqRdvwKTqpZChAKy2'),(73,'Linner','Bealle','blinnerc@domainmarket.com',0,0,'$2y$10$YulRgPyTzJ.6oHunVlz7y.bOHsotFSwm0BtQzqRdvwKTqpZChAKy2'),(74,'Orrin','Lira','lorrind@nsw.gov.au',0,0,'$2y$10$YulRgPyTzJ.6oHunVlz7y.bOHsotFSwm0BtQzqRdvwKTqpZChAKy2'),(75,'Bosomworth','Floris','fbosomworthe@yandex.ru',0,0,'$2y$10$YulRgPyTzJ.6oHunVlz7y.bOHsotFSwm0BtQzqRdvwKTqpZChAKy2'),(76,'Windibank','Darci','dwindibankf@ted.com',0,0,'$2y$10$YulRgPyTzJ.6oHunVlz7y.bOHsotFSwm0BtQzqRdvwKTqpZChAKy2'),(77,'Rannells','Claudianus','crannellsg@answers.com',0,0,'$2y$10$YulRgPyTzJ.6oHunVlz7y.bOHsotFSwm0BtQzqRdvwKTqpZChAKy2'),(78,'Richter','Venus','vrichterh@blogs.com',0,0,'$2y$10$YulRgPyTzJ.6oHunVlz7y.bOHsotFSwm0BtQzqRdvwKTqpZChAKy2'),(79,'Mousby','Odo','omousbyi@yellowbook.com',0,0,'$2y$10$YulRgPyTzJ.6oHunVlz7y.bOHsotFSwm0BtQzqRdvwKTqpZChAKy2'),(80,'Zisneros','Zach','zzisnerosj@berkeley.edu',0,0,'$2y$10$YulRgPyTzJ.6oHunVlz7y.bOHsotFSwm0BtQzqRdvwKTqpZChAKy2'),(81,'Lucas','Hartwell','hlucask@google.com.hk',0,0,'$2y$10$YulRgPyTzJ.6oHunVlz7y.bOHsotFSwm0BtQzqRdvwKTqpZChAKy2'),(82,'Caiger','Corena','ccaigerl@microsoft.com',0,0,'$2y$10$YulRgPyTzJ.6oHunVlz7y.bOHsotFSwm0BtQzqRdvwKTqpZChAKy2'),(83,'Allsworth','Marwin','mallsworthm@purevolume.com',0,0,'$2y$10$YulRgPyTzJ.6oHunVlz7y.bOHsotFSwm0BtQzqRdvwKTqpZChAKy2'),(84,'McFetridge','Audy','amcfetridgen@i2i.jp',0,0,'$2y$10$YulRgPyTzJ.6oHunVlz7y.bOHsotFSwm0BtQzqRdvwKTqpZChAKy2'),(85,'Downgate','Vladimir','vdowngateo@ustream.tv',0,0,'$2y$10$YulRgPyTzJ.6oHunVlz7y.bOHsotFSwm0BtQzqRdvwKTqpZChAKy2'),(86,'Done','Marika','mdonep@ftc.gov',0,0,'$2y$10$YulRgPyTzJ.6oHunVlz7y.bOHsotFSwm0BtQzqRdvwKTqpZChAKy2'),(87,'Le febre','Corly','clefebreq@free.fr',0,0,'$2y$10$YulRgPyTzJ.6oHunVlz7y.bOHsotFSwm0BtQzqRdvwKTqpZChAKy2'),(88,'O\'Noulane','Birgitta','bonoulaner@biblegateway.com',0,0,'$2y$10$YulRgPyTzJ.6oHunVlz7y.bOHsotFSwm0BtQzqRdvwKTqpZChAKy2'),(89,'Marham','Alva','amarhams@webmd.com',0,0,'$2y$10$YulRgPyTzJ.6oHunVlz7y.bOHsotFSwm0BtQzqRdvwKTqpZChAKy2'),(90,'Chardin','Malory','mchardint@reddit.com',0,0,'$2y$10$YulRgPyTzJ.6oHunVlz7y.bOHsotFSwm0BtQzqRdvwKTqpZChAKy2'),(91,'Stenson','Dirk','dstensonu@soundcloud.com',0,0,'$2y$10$YulRgPyTzJ.6oHunVlz7y.bOHsotFSwm0BtQzqRdvwKTqpZChAKy2'),(92,'Dockrill','Rodi','rdockrillv@jiathis.com',0,0,'$2y$10$YulRgPyTzJ.6oHunVlz7y.bOHsotFSwm0BtQzqRdvwKTqpZChAKy2'),(93,'Thonason','Bogart','bthonasonw@ox.ac.uk',0,0,'$2y$10$YulRgPyTzJ.6oHunVlz7y.bOHsotFSwm0BtQzqRdvwKTqpZChAKy2'),(94,'Hampshire','Dick','dhampshirex@whitehouse.gov',0,0,'$2y$10$YulRgPyTzJ.6oHunVlz7y.bOHsotFSwm0BtQzqRdvwKTqpZChAKy2'),(95,'McCluskey','Mirella','mmccluskeyy@flickr.com',0,0,'$2y$10$YulRgPyTzJ.6oHunVlz7y.bOHsotFSwm0BtQzqRdvwKTqpZChAKy2'),(96,'Knock','Cheston','cknockz@oracle.com',0,0,'$2y$10$YulRgPyTzJ.6oHunVlz7y.bOHsotFSwm0BtQzqRdvwKTqpZChAKy2'),(97,'Mewton','Glenn','gmewton10@wp.com',0,0,'$2y$10$YulRgPyTzJ.6oHunVlz7y.bOHsotFSwm0BtQzqRdvwKTqpZChAKy2'),(98,'Stockow','Ruthi','rstockow11@cdbaby.com',0,0,'$2y$10$YulRgPyTzJ.6oHunVlz7y.bOHsotFSwm0BtQzqRdvwKTqpZChAKy2'),(99,'Montez','Coletta','cmontez12@ocn.ne.jp',0,0,'$2y$10$YulRgPyTzJ.6oHunVlz7y.bOHsotFSwm0BtQzqRdvwKTqpZChAKy2'),(561,'Forni','Matteo','matteo.forni@samtrevano.ch',1,0,'$2y$10$0CESZjAN3pVkQA4TEZWnZ.CWNP.Vx1rp2umyPKq/ggBohJP0wLg7e'),(562,'admin','admin','admin@hotmail.com',0,0,'$2y$10$EQJEEU12cLP7.vmi.ag/HeXBn4/wEzwKXCIhXzmRd/HB076L7/Qv6'),(563,'Finke','Filippo','filippo.finke@samtrevano.ch',0,0,'$2y$10$Ww7nskIigCFzcwf.nKrBL.qaF5A5sTyx4ocD22ZjWGMDE0wNDrEtq'),(564,'bella','bella','Bella@bella.bella',0,0,'$2y$10$G6BVFlvvA88/7u3uCKwer.AvOu2NqIExQK.YTFLeXf2XBrH7rwad6');
/*!40000 ALTER TABLE `users` ENABLE KEYS */;
UNLOCK TABLES;
/*!40103 SET TIME_ZONE=@OLD_TIME_ZONE */;

/*!40101 SET SQL_MODE=@OLD_SQL_MODE */;
/*!40014 SET FOREIGN_KEY_CHECKS=@OLD_FOREIGN_KEY_CHECKS */;
/*!40014 SET UNIQUE_CHECKS=@OLD_UNIQUE_CHECKS */;
/*!40101 SET CHARACTER_SET_CLIENT=@OLD_CHARACTER_SET_CLIENT */;
/*!40101 SET CHARACTER_SET_RESULTS=@OLD_CHARACTER_SET_RESULTS */;
/*!40101 SET COLLATION_CONNECTION=@OLD_COLLATION_CONNECTION */;
/*!40111 SET SQL_NOTES=@OLD_SQL_NOTES */;

-- Dump completed on 2019-11-19 14:17:22
